"model","profile","context","ln_E","ln_P","ln_t"
"llama","api","small",-0.0115840139457201,-0.0183214586598254,0.0067365994291322
"qwen","api","small",-0.00440022148959325,-0.0110415351498844,0.0066401814354826
"llama","chat","small",0.0109252098984402,0.00313149952052616,0.00779418141023929
"llama","agentic","small",-0.0133612342724448,-0.00840673390721024,-0.0049537180133142
"qwen","agentic","small",0.035994803090622,0.0405080333642296,-0.0045143058737197
"llama","api","medium",-0.0488716958740022,-0.034291238029867,-0.014580241320818
"llama","chat","medium",-0.0501730656471882,-0.0521427415439578,0.00196982952914135
"llama","agentic","medium",-0.0203719782140582,-0.0280452847762591,0.00767332273725969
"llama","api","large",-0.140954455584186,-0.0573958492907849,-0.0835580372428382
"qwen","api","large",-0.141690069955319,-0.095407963400694,-0.0462811133082255
"llama","chat","large",-0.0992708717911216,-0.0591127528162111,-0.0401576821539784
"llama","agentic","large",-0.144780864828021,-0.0462748706524908,-0.0985056061248254
"qwen","agentic","large",-0.0854455176080754,-0.0552004612974776,-0.0302451444369378
