"model","profile","context","engine","metric","n","mean","min","q1","median","q3","max","sd","cv"
"llama","api","small","vllm","E_tok_J",10,0.340137,0.323103,0.329892,0.3372935,0.35205475,0.360515,0.0135627749373054,0.039874447464714
"llama","api","small","vllm","E_tok_pint_J",10,0.3756651,0.372898,0.37535225,0.3760455,0.3763275,0.3766,0.00111623239814416,0.00297134974248116
"llama","api","small","vllm","P_gpu_mean_W",10,36.83493,34.9117,35.799675,36.60095,38.070025,38.9178,1.40312688746718,0.0380922914056624
"llama","api","small","vllm","window_s",10,217.4707,214.514,217.57425,217.92,218.075,218.205,1.13262792262557,0.00520818631027338
"llama","api","small","vllm","cpu_util_mean_pct",10,3.3809,2.293,3.4085,3.493,3.56225,3.635,0.391160509822303,0.115697154551245
"llama","api","small","vllm","T_gen_tps",10,108.3023,107.935,107.9995,108.076,108.24825,109.793,0.569916962762512,0.00526227940461571
"llama","api","small","vllm","ttft_ms_median",10,590.3371,576.921,580.212,583.4435,584.90675,662.767,25.6357265482287,0.0434255725215791
"llama","api","small","vllm","tpot_ms_median",10,69.6513,68.151,69.52,69.928,69.9945,70.053,0.590236685105598,0.00847416609748272
"llama","api","small","vllm","e2e_ms_median",10,9441.4304,9219.184,9458.09,9467.465,9481.85125,9488.787,81.4816291908799,0.0086302208181167
"llama","api","small","vllm","kv_peak_pct",10,5.841,5.841,5.841,5.841,5.841,5.841,0,0
"llama","api","small","vllm","prefix_hit_pct",10,9.409,9.409,9.409,9.409,9.409,9.409,0,0
"llama","api","small","vllm","EDP_Js",10,1742263.2344,1658691.635,1676677.66975,1730859.464,1805897.67325,1852485.061,73503.6346575386,0.0421885930933116
"qwen","api","small","vllm","E_tok_J",10,0.3285085,0.307276,0.31508725,0.331949,0.340646,0.346159,0.0141670783175486,0.043125454341512
"qwen","api","small","vllm","E_tok_pint_J",10,0.3559888,0.352743,0.35513025,0.3564865,0.356866,0.358081,0.00166341187523315,0.00467265227229943
"qwen","api","small","vllm","P_gpu_mean_W",10,38.49332,35.9367,37.30095,38.85005,39.72445,40.5992,1.55088620959473,0.0402897492238843
"qwen","api","small","vllm","window_s",10,209.7174,205.958,209.64475,210.0775,210.46775,210.799,1.39306235004436,0.00664256923862473
"qwen","api","small","vllm","cpu_util_mean_pct",10,3.3789,2.119,3.40975,3.4515,3.4855,4.029,0.481720170038812,0.142567157962299
"qwen","api","small","vllm","T_gen_tps",10,117.1909,116.585,116.7685,116.9855,117.227,119.325,0.789294262828089,0.00673511563464475
"qwen","api","small","vllm","ttft_ms_median",10,601.0463,581.882,583.38375,589.484,594.638,656.223,29.2518520175314,0.0486682174360468
"qwen","api","small","vllm","tpot_ms_median",10,63.9733,62.261,63.81375,64.288,64.378,64.435,0.671267631674084,0.0104929342659216
"qwen","api","small","vllm","e2e_ms_median",10,8726.9397,8472.94,8733.3945,8755.6965,8767.4805,8782.188,91.2181268231385,0.0104524758917652
"qwen","api","small","vllm","kv_peak_pct",10,6.114,6.114,6.114,6.114,6.114,6.114,0,0
"qwen","api","small","vllm","prefix_hit_pct",10,3.255,3.255,3.255,3.255,3.255,3.255,0,0
"qwen","api","small","vllm","EDP_Js",10,1693351.4297,1578143.329,1623162.05975,1713066.1125,1764292.13525,1782604.672,78990.4907423678,0.0466474290905828
"llama","chat","small","vllm","E_tok_J",10,0.3149205,0.294947,0.30616325,0.3129935,0.3283975,0.33081,0.0133698241013111,0.0424546007684832
"llama","chat","small","vllm","E_tok_pint_J",10,0.3370253,0.333199,0.3356285,0.3377355,0.3385005,0.340585,0.00237932301529471,0.00705977567646912
"llama","chat","small","vllm","P_gpu_mean_W",10,35.75165,33.367,34.507025,36.23275,36.94,37.7955,1.59535315647943,0.0446232035858326
"llama","chat","small","vllm","window_s",10,216.514,212.095,214.66125,217.645,218.52,219.185,2.66079136098016,0.0122892346960481
"llama","chat","small","vllm","cpu_util_mean_pct",10,2.9266,1.278,2.19875,3.4265,3.63525,3.691,0.967796833592212,0.330689822180076
"llama","chat","small","vllm","T_gen_tps",10,113.5233,112.125,112.4655,112.918,114.49,115.873,1.4073938917967,0.0123974011660752
"llama","chat","small","vllm","ttft_ms_median",10,464.2872,336.415,477.4605,484.9025,489.76875,494.513,50.631540090694,0.109052198920612
"llama","chat","small","vllm","tpot_ms_median",10,67.6032,66.072,66.833,68.025,68.31125,68.488,0.934620754935152,0.0138250963702185
"llama","chat","small","vllm","e2e_ms_median",10,9045.3752,8875.04,8958.9485,9079.132,9134.25625,9165.758,106.912552781129,0.0118195818766179
"llama","chat","small","vllm","kv_peak_pct",10,8.81,8.81,8.81,8.81,8.81,8.81,0,0
"llama","chat","small","vllm","prefix_hit_pct",10,61.733,61.733,61.733,61.733,61.733,61.733,0,0
"llama","chat","small","vllm","EDP_Js",10,1675668.2202,1574685.026,1629854.3855,1640250.858,1750045.24025,1775030.844,73395.1097115983,0.0438005022872834
"llama","agentic","small","vllm","E_tok_J",10,0.2951914,0.280294,0.2842045,0.2982,0.3025875,0.315889,0.011903265380185,0.0403238894499806
"llama","agentic","small","vllm","E_tok_pint_J",10,0.3236721,0.318465,0.32345875,0.3242375,0.32489425,0.32513,0.00196876828104387,0.00608260112948837
"llama","agentic","small","vllm","P_gpu_mean_W",10,34.27459,32.4911,32.86345,34.49845,35.297125,36.5476,1.44106963471968,0.0420448394778662
"llama","agentic","small","vllm","window_s",10,211.686,205.625,211.9275,212.3885,212.571,213.263,2.19356239938598,0.0103623404447436
"llama","agentic","small","vllm","cpu_util_mean_pct",10,3.3827,1.388,3.41825,3.535,3.64825,4.188,0.737126711555679,0.217910755182452
"llama","agentic","small","vllm","T_gen_tps",10,116.1078,115.238,115.613,115.7125,115.964,119.518,1.23207781139558,0.0106114990672081
"llama","agentic","small","vllm","ttft_ms_median",10,342.8552,326.954,342.607,344.5515,345.5865,348.13,5.89933001468999,0.0172064767128805
"llama","agentic","small","vllm","tpot_ms_median",10,66.7648,64.906,66.8465,66.9855,67.071,67.259,0.680207942062162,0.0101881222150319
"llama","agentic","small","vllm","e2e_ms_median",10,8823.1618,8565.94,8835.073,8852.62,8863.574,8888.928,93.1795894159944,0.0105607934579636
"llama","agentic","small","vllm","kv_peak_pct",10,2.969,2.969,2.969,2.969,2.969,2.969,0,0
"llama","agentic","small","vllm","prefix_hit_pct",10,76.259,76.259,76.259,76.259,76.259,76.259,0,0
"llama","agentic","small","vllm","EDP_Js",10,1535680.3015,1455468.286,1484470.52125,1533026.3905,1581277.278,1649042.079,63521.0988869312,0.0413634913626788
"qwen","agentic","small","vllm","E_tok_J",10,0.271708,0.26006,0.26240475,0.2664745,0.275562,0.302095,0.0134322574920723,0.0494363710014881
"qwen","agentic","small","vllm","E_tok_pint_J",10,0.3024152,0.297852,0.3023965,0.3028095,0.30320575,0.30394,0.00169912839093721,0.00561852840378794
"qwen","agentic","small","vllm","P_gpu_mean_W",10,34.04861,32.4948,32.951175,33.50115,34.492375,37.7455,1.63762569624441,0.0480966975228772
"qwen","agentic","small","vllm","window_s",10,212.4543,207.749,212.542,213.0665,213.12775,213.409,1.68531197573492,0.00793258585839366
"qwen","agentic","small","vllm","cpu_util_mean_pct",10,3.5132,3.393,3.49075,3.5,3.5555,3.606,0.0641834177269418,0.0182692182986855
"qwen","agentic","small","vllm","T_gen_tps",10,125.3237,124.756,124.9205,124.956,125.26475,128.155,1.01319758410906,0.00808464467701691
"qwen","agentic","small","vllm","ttft_ms_median",10,309.0617,260.703,300.9915,319.715,322.33825,324.634,20.8398136750574,0.0674292986644979
"qwen","agentic","small","vllm","tpot_ms_median",10,61.9422,60.856,62.00775,62.0445,62.07525,62.26,0.390016466888828,0.00629645809946737
"qwen","agentic","small","vllm","e2e_ms_median",10,8180.3058,8030.724,8190.64725,8198.606,8200.8295,8209.41,53.402118068273,0.00652813224516289
"qwen","agentic","small","vllm","kv_peak_pct",10,2.969,2.969,2.969,2.969,2.969,2.969,0,0
"qwen","agentic","small","vllm","prefix_hit_pct",10,76.262,76.262,76.262,76.262,76.262,76.262,0,0
"qwen","agentic","small","vllm","EDP_Js",10,1537009.3896,1451418.592,1482589.80725,1513101.344,1560494.62125,1713836.333,79737.7954594834,0.0518785350297924
"llama","api","medium","vllm","E_tok_J",10,0.5903771,0.56644,0.56846725,0.576637,0.60606675,0.649643,0.0303197039982986,0.0513565041704676
"llama","api","medium","vllm","E_tok_pint_J",10,0.6632868,0.657197,0.663264,0.6636945,0.66448175,0.665451,0.00232050831596106,0.00349849916500835
"llama","api","medium","vllm","P_gpu_mean_W",10,46.26076,44.3042,44.509125,45.47015,47.393225,50.6284,2.26998412681675,0.0490693219656735
"llama","api","medium","vllm","window_s",10,222.1441,217.487,222.17325,222.7005,222.98975,223.373,1.70508269268352,0.00767557046387243
"llama","api","medium","vllm","cpu_util_mean_pct",10,3.0483,1.461,3.154,3.1745,3.28325,3.373,0.564260587947724,0.185106645654209
"llama","api","medium","vllm","T_gen_tps",10,78.3676,77.933,78.066,78.1675,78.353,80.041,0.611572872009358,0.00780389946877738
"llama","api","medium","vllm","ttft_ms_median",10,1477.069,1446.672,1471.443,1479.7545,1487.2345,1492.439,13.8318953790787,0.00936442060531951
"llama","api","medium","vllm","tpot_ms_median",10,91.141,88.703,91.2825,91.442,91.5435,91.669,0.880887431325175,0.00966510605902037
"llama","api","medium","vllm","e2e_ms_median",10,13045.14,12706.42,13049.8975,13087.211,13104.12,13123.506,122.986758971128,0.00942778375480275
"llama","api","medium","vllm","kv_peak_pct",10,20.844,20.844,20.844,20.844,20.844,20.844,0,0
"llama","api","medium","vllm","prefix_hit_pct",10,2.344,2.344,2.344,2.344,2.344,2.344,0,0
"llama","api","medium","vllm","EDP_Js",10,2283320.1662,2144553.524,2204015.859,2236676.603,2349347.866,2526117.803,124565.992535698,0.0545547638827218
"llama","chat","medium","vllm","E_tok_J",10,0.4026497,0.382888,0.39226325,0.4035,0.41328525,0.421511,0.0141027622830108,0.035024892066257
"llama","chat","medium","vllm","E_tok_pint_J",10,0.4356206,0.431484,0.4352595,0.436132,0.4372,0.437775,0.00219794086463774,0.0050455393170978
"llama","chat","medium","vllm","P_gpu_mean_W",10,38.93357,36.8597,37.93715,38.82865,39.75045,41.267,1.42498189076213,0.0366003397777837
"llama","chat","medium","vllm","window_s",10,211.8215,207.864,211.30675,212.75,212.88225,213.566,1.90422794212131,0.00898977649634862
"llama","chat","medium","vllm","cpu_util_mean_pct",10,3.2478,1.834,3.10225,3.612,3.637,3.745,0.663750589035102,0.204369292762825
"llama","chat","medium","vllm","T_gen_tps",10,96.6923,95.895,96.20375,96.2635,96.92075,98.526,0.877753705014491,0.00907780355844768
"llama","chat","medium","vllm","ttft_ms_median",10,322.0693,316.651,321.45375,322.098,322.649,329.126,3.45703334763589,0.0107338183044329
"llama","chat","medium","vllm","tpot_ms_median",10,76.5438,75.168,76.416,76.8195,76.87525,77.134,0.615420506645658,0.00804010914856145
"llama","chat","medium","vllm","e2e_ms_median",10,10055.1638,9879.004,10040.68775,10081.3565,10085.53825,10117.118,67.7700556060302,0.00673982611859891
"llama","chat","medium","vllm","kv_peak_pct",10,23.813,23.813,23.813,23.813,23.813,23.813,0,0
"llama","chat","medium","vllm","prefix_hit_pct",10,71.679,71.679,71.679,71.679,71.679,71.679,0,0
"llama","chat","medium","vllm","EDP_Js",10,1746715.6537,1664012.862,1685184.3145,1762114.2585,1800749.8,1826647.458,62419.0296446315,0.0357350834478478
"llama","agentic","medium","vllm","E_tok_J",10,0.3797332,0.350482,0.36922325,0.3832505,0.39681025,0.399588,0.0186965309485774,0.0492359660640085
"llama","agentic","medium","vllm","E_tok_pint_J",10,0.4085309,0.400442,0.40623575,0.410337,0.4116475,0.413233,0.00447689618299702,0.0109585252498575
"llama","agentic","medium","vllm","P_gpu_mean_W",10,40.03545,36.7643,38.45675,40.59855,41.833175,42.1742,2.10573311448636,0.052596714024355
"llama","agentic","medium","vllm","window_s",10,213.7279,208.908,211.01025,215.1595,216.084,216.524,2.98878940375531,0.0139840863254414
"llama","agentic","medium","vllm","cpu_util_mean_pct",10,2.7529,1.168,1.86125,3.378,3.452,3.593,0.962636939753393,0.349681041720874
"llama","agentic","medium","vllm","T_gen_tps",10,105.4237,104.044,104.25575,104.704,106.76475,107.837,1.48610625087471,0.0140965100909446
"llama","agentic","medium","vllm","ttft_ms_median",10,756.8894,729.579,754.36075,757.295,764.3745,771.462,12.4253993917477,0.0164164003244697
"llama","agentic","medium","vllm","tpot_ms_median",10,70.553,68.795,69.951,70.96,71.21125,71.48,0.896794910283902,0.0127109394396256
"llama","agentic","medium","vllm","e2e_ms_median",10,9717.7174,9493.445,9588.77725,9787.2765,9818.358,9838.079,144.989400358325,0.0149201087447064
"llama","agentic","medium","vllm","kv_peak_pct",10,8.127,8.127,8.127,8.127,8.127,8.127,0,0
"llama","agentic","medium","vllm","prefix_hit_pct",10,75.312,75.312,75.312,75.312,75.312,75.312,0,0
"llama","agentic","medium","vllm","EDP_Js",10,1828245.7013,1661385.245,1798383.52,1831590.082,1895634.15125,1947777.556,90955.532985759,0.0497501692037803
"llama","api","large","vllm","E_tok_J",10,1.8493105,1.74476,1.812347,1.833796,1.8671155,2.01127,0.0721659101103531,0.039023144090921
"llama","api","large","vllm","E_tok_pint_J",10,2.0567957,2.038227,2.05120725,2.05965,2.0635665,2.0697,0.00998831687578602,0.00485625134075593
"llama","api","large","vllm","P_gpu_mean_W",10,64.37823,59.9175,62.45855,64.1056,66.074775,69.4406,2.77927811172854,0.0431710861222581
"llama","api","large","vllm","window_s",10,235.385,228.126,233.97825,237.046,237.76475,238.546,3.62614444769586,0.0154051636582444
"llama","api","large","vllm","cpu_util_mean_pct",10,2.4704,1.076,2.55975,2.7095,2.79825,2.838,0.583658423699646,0.236260696121942
"llama","api","large","vllm","T_gen_tps",10,34.8101,34.341,34.45425,34.559,35.0125,35.91,0.544787308140627,0.0156502655304244
"llama","api","large","vllm","ttft_ms_median",10,3613.2657,3485.795,3571.125,3644.815,3668.678,3682.254,76.1193545924206,0.0210666363651089
"llama","api","large","vllm","tpot_ms_median",10,202.2322,195.626,201.28975,203.7225,204.7795,204.997,3.5042070524823,0.0173276414561197
"llama","api","large","vllm","e2e_ms_median",10,29283.2267,28264.61,29140.339,29521.7745,29684.1905,29712.188,554.760084050964,0.0189446364546624
"llama","api","large","vllm","kv_peak_pct",10,80.777,80.777,80.777,80.777,80.777,80.777,0,0
"llama","api","large","vllm","prefix_hit_pct",10,0.586,0.586,0.586,0.586,0.586,0.586,0,0
"llama","api","large","vllm","EDP_Js",10,3565775.9566,3409556.729,3472442.968,3539380.1375,3609406.189,3909371.36,144952.53041613,0.0406510482375745
"qwen","api","large","vllm","E_tok_J",10,1.6210451,1.488674,1.5528685,1.654621,1.6756565,1.698591,0.0779110443354043,0.0480622311713624
"qwen","api","large","vllm","E_tok_pint_J",10,1.7663124,1.742535,1.76121325,1.7638465,1.77749675,1.781801,0.0121980935869322,0.00690596611728036
"qwen","api","large","vllm","P_gpu_mean_W",10,69.46536,64.0555,67.238375,70.6558,71.65655,73.2103,3.19699140936531,0.0460228149593597
"qwen","api","large","vllm","window_s",10,238.9514,233.477,237.688,238.6635,241.1265,242.005,2.56381626140061,0.0107294464958172
"qwen","api","large","vllm","cpu_util_mean_pct",10,2.6022,1.586,2.5915,2.715,2.75075,2.955,0.375780314072524,0.144408698052618
"qwen","api","large","vllm","T_gen_tps",10,42.8586,42.313,42.46775,42.9055,43.08225,43.859,0.463587747896771,0.0108166796838154
"qwen","api","large","vllm","ttft_ms_median",10,3481.5032,3387.524,3454.66875,3472.09,3523.46725,3550.093,49.1824009869835,0.0141267717309533
"qwen","api","large","vllm","tpot_ms_median",10,160.0974,155.694,159.39325,159.986,161.6345,162.079,1.90254725156682,0.011883686128362
"qwen","api","large","vllm","e2e_ms_median",10,23808.8672,23159.243,23691.957,23780.827,24046.11875,24128.647,287.929875051703,0.0120933882587956
"qwen","api","large","vllm","kv_peak_pct",10,81.051,81.051,81.051,81.051,81.051,81.051,0,0
"qwen","api","large","vllm","prefix_hit_pct",10,0.195,0.195,0.195,0.195,0.195,0.195,0,0
"qwen","api","large","vllm","EDP_Js",10,3967034.9168,3627795.529,3833759.3115,4040398.143,4137451.16975,4144725.883,206753.07793469,0.0521177862738519
"llama","chat","large","vllm","E_tok_J",10,0.7973603,0.753306,0.7690825,0.792733,0.8137235,0.85373,0.0357160632708403,0.0447928787912319
"llama","chat","large","vllm","E_tok_pint_J",10,0.8931081,0.890146,0.890852,0.892211,0.8944005,0.899083,0.00296604429614033,0.00332103616140121
"llama","chat","large","vllm","P_gpu_mean_W",10,47.49741,45.0095,45.63515,47.30265,48.57735,51.2379,2.13890066230814,0.0450319430534874
"llama","chat","large","vllm","window_s",10,275.0536,272.992,273.96575,274.723,275.561,278.065,1.81795643512158,0.00660946242885599
"llama","chat","large","vllm","cpu_util_mean_pct",10,1.6136,1.252,1.45625,1.545,1.88525,1.932,0.260743893078587,0.161591406221237
"llama","chat","large","vllm","T_gen_tps",10,59.569,58.922,59.45725,59.6385,59.80325,60.016,0.391907868991907,0.00657905737870213
"llama","chat","large","vllm","ttft_ms_median",10,370.3238,367.433,368.44875,370.646,371.9545,373.021,2.02123706894785,0.00545802637839602
"llama","chat","large","vllm","tpot_ms_median",10,104.0336,102.974,103.456,104.3065,104.5815,104.964,0.733149855835156,0.00704724104361625
"llama","chat","large","vllm","e2e_ms_median",10,13606.4093,13487.659,13523.97425,13635.452,13677.4355,13727.991,90.2363418129796,0.00663189970427978
"llama","chat","large","vllm","kv_peak_pct",10,83.747,83.747,83.747,83.747,83.747,83.747,0,0
"llama","chat","large","vllm","prefix_hit_pct",10,74.169,74.169,74.169,74.169,74.169,74.169,0,0
"llama","chat","large","vllm","EDP_Js",10,3593323.9642,3384375.745,3462619.9585,3566242.2785,3665654.78,3877582.994,163729.541255743,0.0455649262039738
"llama","agentic","large","vllm","E_tok_J",10,0.7944682,0.747083,0.765973,0.7861675,0.8273105,0.854937,0.0384836743533324,0.0484395402526273
"llama","agentic","large","vllm","E_tok_pint_J",10,0.8757796,0.874644,0.87521475,0.8754405,0.87631675,0.877525,0.000911451370068641,0.00104073144666608
"llama","agentic","large","vllm","P_gpu_mean_W",10,51.40629,48.2649,49.567425,50.8905,53.3846,55.6201,2.59045326297671,0.0503917567865082
"llama","agentic","large","vllm","window_s",10,237.4053,236.099,236.999,237.589,237.914,238.504,0.77895999754659,0.00328113987997147
"llama","agentic","large","vllm","cpu_util_mean_pct",10,3.0727,2.957,3.01475,3.0525,3.156,3.195,0.0859496622706828,0.0279720318516884
"llama","agentic","large","vllm","T_gen_tps",10,64.7001,64.401,64.561,64.6495,64.8105,65.058,0.212652794740892,0.00328674599793342
"llama","agentic","large","vllm","ttft_ms_median",10,1932.3083,1913.914,1923.505,1933.99,1940.1855,1950.131,12.3431543244739,0.0063877769010638
"llama","agentic","large","vllm","tpot_ms_median",10,109.2563,108.66,109.10525,109.2825,109.48225,109.675,0.304744720125624,0.00278926451038178
"llama","agentic","large","vllm","e2e_ms_median",10,15819.6081,15725.287,15791.58,15831.219,15847.748,15891.569,49.717523958303,0.0031427784837668
"llama","agentic","large","vllm","kv_peak_pct",10,28.756,28.756,28.756,28.756,28.756,28.756,0,0
"llama","agentic","large","vllm","prefix_hit_pct",10,75.028,75.028,75.028,75.028,75.028,75.028,0,0
"llama","agentic","large","vllm","EDP_Js",10,2896833.1108,2727183.466,2792630.86725,2865343.8095,3023033.75375,3100409.505,135148.384140982,0.0466538385097576
"qwen","agentic","large","vllm","E_tok_J",10,0.6577599,0.613747,0.6500345,0.665216,0.6721165,0.689791,0.0239269458117366,0.0363764130524475
"qwen","agentic","large","vllm","E_tok_pint_J",10,0.7154574,0.697898,0.715673,0.7177865,0.71941075,0.722765,0.00776853866137856,0.0108581428627037
"qwen","agentic","large","vllm","P_gpu_mean_W",10,53.85682,50.0571,53.725075,54.46535,54.829725,56.4943,2.07080414804384,0.0384501748904565
"qwen","agentic","large","vllm","window_s",10,225.1388,219.908,224.972,225.4135,225.98575,227.618,2.16410734997648,0.0096123251522016
"qwen","agentic","large","vllm","cpu_util_mean_pct",10,3.0189,2.364,3.003,3.018,3.08875,3.379,0.27751294264112,0.0919251855447745
"qwen","agentic","large","vllm","T_gen_tps",10,81.8765,80.978,81.563,81.7695,81.93025,83.817,0.797161387535657,0.00973614391840952
"qwen","agentic","large","vllm","ttft_ms_median",10,1588.1266,1537.952,1582.704,1587.8405,1597.44025,1619.181,23.0489737645735,0.0145133100626698
"qwen","agentic","large","vllm","tpot_ms_median",10,86.0003,83.418,85.99175,86.2025,86.39575,86.898,0.981000968399112,0.011406948212961
"qwen","agentic","large","vllm","e2e_ms_median",10,12489.4385,12124.136,12482.85925,12505.3025,12547.56975,12619.423,137.55488173998,0.0110136962314183
"qwen","agentic","large","vllm","kv_peak_pct",10,28.756,28.756,28.756,28.756,28.756,28.756,0,0
"qwen","agentic","large","vllm","prefix_hit_pct",10,75.038,75.038,75.038,75.038,75.038,75.038,0,0
"qwen","agentic","large","vllm","EDP_Js",10,2729449.4697,2556574.192,2653120.7475,2754097.5595,2798574.57875,2861376.298,100164.677596502,0.036697758543781
"llama","api","small","sglang","E_tok_J",10,0.3361651,0.322676,0.32689975,0.332918,0.34652475,0.353929,0.0117964666597908,0.0350912889523356
"llama","api","small","sglang","E_tok_pint_J",10,0.3788521,0.375823,0.37875325,0.379294,0.37979375,0.380217,0.00144663121692357,0.00381845901586284
"llama","api","small","sglang","P_gpu_mean_W",10,36.16672,34.8359,35.1174,35.6389,37.435675,38.3053,1.39927495495187,0.0386895730370869
"llama","api","small","sglang","window_s",10,218.9438,216.219,217.56975,219.9125,220.1245,220.612,1.68149925166006,0.00768004963675635
"llama","api","small","sglang","cpu_util_mean_pct",10,7.972,6.8,8.012,8.161,8.2625,8.306,0.488943305052391,0.0613325771515794
"llama","api","small","sglang","T_gen_tps",10,107.5768,106.757,106.99425,107.097,108.25125,108.927,0.830628517047985,0.00772126069048331
"llama","api","small","sglang","ttft_ms_median",10,874.34,854.83,876.3325,878.066,879.1725,882.226,10.1627556739739,0.0116233452363771
"llama","api","small","sglang","tpot_ms_median",10,68.0764,66.485,67.994,68.401,68.451,68.61,0.662188828389943,0.00972714227529574
"llama","api","small","sglang","e2e_ms_median",10,9520.7517,9293.68,9513.7515,9564.9255,9571.99925,9596.227,92.805769612371,0.00974773552936698
"llama","api","small","sglang","kv_peak_pct",10,5.746,5.746,5.746,5.746,5.746,5.746,0,0
"llama","api","small","sglang","prefix_hit_pct",10,10.146,10.146,10.146,10.146,10.146,10.146,0,0
"llama","api","small","sglang","EDP_Js",10,1733305.7721,1643192.68,1694733.6915,1725069.7485,1779338.40075,1823229.098,57084.8393279367,0.0329340848261153
"qwen","api","small","sglang","E_tok_J",10,0.3270022,0.314877,0.3174315,0.3210025,0.3363855,0.347432,0.0125101501438721,0.0382570825024176
"qwen","api","small","sglang","E_tok_pint_J",10,0.3576081,0.356538,0.3574145,0.3576265,0.358004,0.35875,0.000677901738208911,0.00189565543456345
"qwen","api","small","sglang","P_gpu_mean_W",10,38.06642,36.5947,37.01385,37.3909,39.1209,40.3922,1.43025972451005,0.0375727406073397
"qwen","api","small","sglang","window_s",10,211.1108,210.355,210.7135,211.3165,211.42425,211.634,0.451843335681736,0.0021403136915863
"qwen","api","small","sglang","cpu_util_mean_pct",10,7.8461,7.61,7.77875,7.8415,7.9295,8.085,0.140393455054793,0.0178934062852619
"qwen","api","small","sglang","T_gen_tps",10,116.4131,116.125,116.24025,116.2995,116.632,116.831,0.249456943512638,0.00214285972551748
"qwen","api","small","sglang","ttft_ms_median",10,829.3583,823.141,827.971,829.6095,832.2475,833.25,3.41434923195884,0.00411685664924176
"qwen","api","small","sglang","tpot_ms_median",10,62.752,62.481,62.6365,62.819,62.864,62.884,0.143196058294602,0.00228193616609195
"qwen","api","small","sglang","e2e_ms_median",10,8797.5262,8766.438,8782.08175,8804.168,8810.99375,8818.208,18.5968034816024,0.00211386735984968
"qwen","api","small","sglang","kv_peak_pct",10,5.934,5.934,5.934,5.934,5.934,5.934,0,0
"qwen","api","small","sglang","prefix_hit_pct",10,5.83,5.83,5.83,5.83,5.83,5.83,0,0
"qwen","api","small","sglang","EDP_Js",10,1696613.2138,1636381.346,1644217.43175,1664465.44,1746988.33375,1804943.893,66247.3517353719,0.0390468205696654
"llama","chat","small","sglang","E_tok_J",10,0.3182771,0.301606,0.3101915,0.3173435,0.32663425,0.333216,0.0104994975271306,0.0329885421449757
"llama","chat","small","sglang","E_tok_pint_J",10,0.3397905,0.335599,0.338971,0.339606,0.3404115,0.344861,0.00231235201328287,0.0068052285548974
"llama","chat","small","sglang","P_gpu_mean_W",10,35.85213,33.8383,34.91475,35.82555,36.598925,37.9896,1.28909079332856,0.0359557659008978
"llama","chat","small","sglang","window_s",10,218.2043,213.678,217.916,219.25,219.56825,220.272,2.30785480238443,0.0105765780160356
"llama","chat","small","sglang","cpu_util_mean_pct",10,7.7911,6.382,7.81975,8.05,8.15525,8.42,0.676366838335529,0.0868127527994159
"llama","chat","small","sglang","T_gen_tps",10,112.64,111.571,111.92925,112.0915,112.77775,115.014,1.20572882523393,0.0107042686899319
"llama","chat","small","sglang","ttft_ms_median",10,497.4872,484.134,496.474,499.7925,501.4675,507.132,7.59071555403193,0.0152581122771238
"llama","chat","small","sglang","tpot_ms_median",10,68.0823,66.556,68.048,68.39,68.58525,68.811,0.818307609914783,0.0120193884447908
"llama","chat","small","sglang","e2e_ms_median",10,9115.8244,8938.733,9098.71825,9158.509,9176.281,9208.882,96.5618019453518,0.0105927667875384
"llama","chat","small","sglang","kv_peak_pct",10,8.702,8.684,8.704,8.704,8.704,8.704,0.00632455532033718,0.000726793302727785
"llama","chat","small","sglang","prefix_hit_pct",10,62.741,62.741,62.741,62.741,62.741,62.741,0,0
"llama","chat","small","sglang","EDP_Js",10,1706722.5892,1623653.023,1665870.83225,1700340.811,1744748.13625,1797898.812,57108.2442840616,0.0334607654726303
"llama","agentic","small","sglang","E_tok_J",10,0.2914284,0.272024,0.2775025,0.2892715,0.305587,0.314349,0.0154668664369283,0.0530726121302119
"llama","agentic","small","sglang","E_tok_pint_J",10,0.3212558,0.319575,0.32001525,0.320924,0.321809,0.325492,0.00173784475716331,0.00540953581900564
"llama","agentic","small","sglang","P_gpu_mean_W",10,34.00481,31.9104,32.2971,33.6626,35.839175,36.4775,1.83096786393912,0.0538443786022954
"llama","agentic","small","sglang","window_s",10,210.6335,207.538,210.059,211.027,211.66825,211.786,1.34425586602154,0.0063819661450887
"llama","agentic","small","sglang","cpu_util_mean_pct",10,8.0511,7.776,7.85025,8.0825,8.239,8.257,0.201422414067772,0.0250179992880192
"llama","agentic","small","sglang","T_gen_tps",10,116.6811,116.042,116.10625,116.459,116.99625,118.417,0.750592573311989,0.00643285479235274
"llama","agentic","small","sglang","ttft_ms_median",10,263.7101,257.171,263.75975,264.304,264.9015,265.802,2.44278263234552,0.00926313642270631
"llama","agentic","small","sglang","tpot_ms_median",10,66.9484,65.452,66.80875,67.134,67.33575,67.376,0.584980569477883,0.00873778267259386
"llama","agentic","small","sglang","e2e_ms_median",10,8765.9748,8568.983,8746.9075,8790.3805,8816.53475,8820.996,76.8379338590862,0.00876547510256203
"llama","agentic","small","sglang","kv_peak_pct",10,2.839,2.838,2.838,2.838,2.838,2.848,0.00316227766016831,0.00111387025719208
"llama","agentic","small","sglang","prefix_hit_pct",10,78.0001,77.974,78.003,78.003,78.003,78.003,0.00917060521448715,0.000117571710991231
"llama","agentic","small","sglang","EDP_Js",10,1508558.1403,1400566.073,1441146.937,1501377.197,1571865.3235,1636138.142,80119.155949748,0.0531097567998374
"qwen","agentic","small","sglang","E_tok_J",10,0.2815671,0.259094,0.27619625,0.2812045,0.29033575,0.294908,0.0110917013167503,0.0393927462290526
"qwen","agentic","small","sglang","E_tok_pint_J",10,0.3019266,0.301003,0.3014045,0.3018885,0.3024305,0.303016,0.000648619251435949,0.00214826799439317
"qwen","agentic","small","sglang","P_gpu_mean_W",10,35.44624,32.6551,34.7497,35.3135,36.572275,37.2195,1.41471492707502,0.0399115654319054
"qwen","agentic","small","sglang","window_s",10,211.4917,210.739,211.28775,211.5675,211.73675,212.193,0.426352762132226,0.00201593141542777
"qwen","agentic","small","sglang","cpu_util_mean_pct",10,7.9383,7.677,7.8135,7.9965,8.055,8.103,0.15318184545754,0.0192965553654486
"qwen","agentic","small","sglang","T_gen_tps",10,125.8872,125.471,125.74125,125.8415,126.0085,126.336,0.253814805627163,0.00201620820565683
"qwen","agentic","small","sglang","ttft_ms_median",10,243.8831,242.84,243.54875,243.6485,244.4095,245.186,0.724190344837293,0.00296941585881635
"qwen","agentic","small","sglang","tpot_ms_median",10,62.1315,61.888,62.06675,62.1515,62.22,62.344,0.13566482390231,0.00218351116426144
"qwen","agentic","small","sglang","e2e_ms_median",10,8134.6921,8106.036,8127.01575,8138.062,8145.41325,8161.399,17.0386149831624,0.0020945617576801
"qwen","agentic","small","sglang","kv_peak_pct",10,2.85,2.85,2.85,2.85,2.85,2.85,0,0
"qwen","agentic","small","sglang","prefix_hit_pct",10,77.925,77.925,77.925,77.925,77.925,77.925,0,0
"qwen","agentic","small","sglang","EDP_Js",10,1585412.3818,1457171.357,1556074.95925,1587268.6385,1633795.332,1659867.639,61790.2153653241,0.0389742227792939
"llama","api","medium","sglang","E_tok_J",10,0.5619545,0.536499,0.55036075,0.555411,0.56235725,0.604334,0.0221681084806781,0.0394482266458905
"llama","api","medium","sglang","E_tok_pint_J",10,0.6381497,0.629829,0.6376565,0.6397475,0.6403515,0.640463,0.00338643332693526,0.00530664407886623
"llama","api","medium","sglang","P_gpu_mean_W",10,44.68384,43.0435,43.4996,44.21145,44.662675,48.2817,1.73996226025483,0.038939407630473
"llama","api","medium","sglang","window_s",10,218.9286,214.928,218.1945,219.553,220.028,220.327,1.67180097167363,0.0076362840290105
"llama","api","medium","sglang","cpu_util_mean_pct",10,7.6927,6.414,7.56825,7.836,7.93075,8.616,0.571926189876514,0.0743466130066835
"llama","api","medium","sglang","T_gen_tps",10,79.5188,79.01,79.11725,79.2885,79.78225,80.995,0.61384304906783,0.00771947072978754
"llama","api","medium","sglang","ttft_ms_median",10,2538.745,2244.675,2354.16925,2655.5895,2663.79925,2678.67,200.205115344239,0.0788598757828135
"llama","api","medium","sglang","tpot_ms_median",10,82.0174,80.794,81.1085,81.2415,83.22225,84.423,1.45215794978064,0.0177054862721891
"llama","api","medium","sglang","e2e_ms_median",10,12885.5674,12532.296,12891.24925,12931.582,12943.82,12964.757,128.074543123396,0.00993937939616039
"llama","api","medium","sglang","kv_peak_pct",10,20.7433,20.737,20.73925,20.746,20.746,20.746,0.004347413023857,0.000209581552783646
"llama","api","medium","sglang","prefix_hit_pct",10,2.508,2.508,2.508,2.508,2.508,2.508,0,0
"llama","api","medium","sglang","EDP_Js",10,2141766.1079,2007293.022,2108896.0095,2115875.5165,2145742.382,2292612.837,88428.830137289,0.0412878090708016
"llama","chat","medium","sglang","E_tok_J",10,0.3830432,0.366382,0.37161625,0.3761255,0.395607,0.414093,0.0163763084349177,0.0427531631808571
"llama","chat","medium","sglang","E_tok_pint_J",10,0.4266111,0.421474,0.42670775,0.4269565,0.427571,0.427824,0.00186568965205303,0.00437327967334424
"llama","chat","medium","sglang","P_gpu_mean_W",10,36.96314,35.2892,35.8202,36.359,38.263575,39.9451,1.58025219450005,0.042752109114649
"llama","chat","medium","sglang","window_s",10,212.2323,211.134,211.9755,212.352,212.6015,213.097,0.653165973462252,0.0030775992790082
"llama","chat","medium","sglang","cpu_util_mean_pct",10,8.0488,7.73,7.9295,7.9955,8.10525,8.613,0.235092794917713,0.0292084279541936
"llama","chat","medium","sglang","T_gen_tps",10,96.4989,96.106,96.3305,96.444,96.61475,97,0.297617371804808,0.00308415299868504
"llama","chat","medium","sglang","ttft_ms_median",10,527.8852,523.732,527.15,527.888,529.0695,530.612,1.93409673433822,0.003663858608535
"llama","chat","medium","sglang","tpot_ms_median",10,75.0933,74.472,75.00075,75.1915,75.2935,75.407,0.306772463634604,0.00408521750455239
"llama","chat","medium","sglang","e2e_ms_median",10,10125.9497,10062.981,10096.8655,10136.6115,10153.6045,10170.303,36.693152086065,0.00362367512906617
"llama","chat","medium","sglang","kv_peak_pct",10,23.7011,23.693,23.702,23.702,23.702,23.702,0.00284604989415165,0.000120080920048084
"llama","chat","medium","sglang","prefix_hit_pct",10,71.934,71.934,71.934,71.934,71.934,71.934,0,0
"llama","chat","medium","sglang","EDP_Js",10,1664908.8308,1595459.986,1614655.212,1636775.187,1715097.018,1800496.152,71550.7617367225,0.0429757836663897
"llama","agentic","medium","sglang","E_tok_J",10,0.3719915,0.343993,0.36337,0.3739005,0.3847925,0.393437,0.0163746251678898,0.0440188153973673
"llama","agentic","medium","sglang","E_tok_pint_J",10,0.4012493,0.395483,0.40120675,0.401753,0.4021685,0.404614,0.00242135017661176,0.00603452810163597
"llama","agentic","medium","sglang","P_gpu_mean_W",10,38.91573,35.7764,37.9842,39.1465,40.37495,40.9147,1.76333729051226,0.0453116847740556
"llama","agentic","medium","sglang","window_s",10,215.3698,209.944,216.106,216.376,216.8145,217.365,2.632468203881,0.0122230145725213
"llama","agentic","medium","sglang","cpu_util_mean_pct",10,7.6931,6.594,7.67575,7.959,8.02525,8.178,0.554684384733036,0.0721015435563084
"llama","agentic","medium","sglang","T_gen_tps",10,104.6157,103.641,103.9045,104.115,104.245,107.305,1.30049939553149,0.0124312067455601
"llama","agentic","medium","sglang","ttft_ms_median",10,941.5014,918.702,943.794,945.587,948.46075,950.143,11.3901494888249,0.0120978571979021
"llama","agentic","medium","sglang","tpot_ms_median",10,69.5272,67.278,69.88225,69.983,70.0905,70.273,1.09417435133122,0.0157373567658589
"llama","agentic","medium","sglang","e2e_ms_median",10,9775.6026,9476.908,9822.92,9836.271,9854.51725,9878.532,149.133876285109,0.0152557220651655
"llama","agentic","medium","sglang","kv_peak_pct",10,8.001,7.993,8.003,8.003,8.003,8.003,0.00421637021355775,0.000526980404144201
"llama","agentic","medium","sglang","prefix_hit_pct",10,75.729,75.729,75.729,75.729,75.729,75.729,0,0
"llama","agentic","medium","sglang","EDP_Js",10,1804870.3886,1678604.01,1737585.83275,1797098.732,1881504.49175,1920071.967,83312.8866316189,0.0461600385035088
"llama","api","large","sglang","E_tok_J",10,1.6070938,1.494599,1.53138525,1.6251375,1.66815025,1.708173,0.0840243379170583,0.0522834061814303
"llama","api","large","sglang","E_tok_pint_J",10,1.7432157,1.696633,1.72601275,1.757541,1.76025025,1.766758,0.0246229450492828,0.0141250133585206
"llama","api","large","sglang","P_gpu_mean_W",10,60.80457,56.0775,58.112225,61.0984,63.68865,64.0241,3.01675110933379,0.0496138877280736
"llama","api","large","sglang","window_s",10,216.5122,212.358,213.7035,217.7505,219.151,219.541,3.06473568916545,0.0141550253942524
"llama","api","large","sglang","cpu_util_mean_pct",10,6.7939,5.817,6.1155,6.943,7.397,7.654,0.722424229014134,0.106334245280934
"llama","api","large","sglang","T_gen_tps",10,37.843,37.314,37.3805,37.6225,38.33325,38.576,0.537694047659902,0.0142085470935154
"llama","api","large","sglang","ttft_ms_median",10,8218.918,8092.856,8160.747,8238.815,8286.682,8301.351,80.7119831127943,0.0098202686914256
"llama","api","large","sglang","tpot_ms_median",10,148.6373,145.956,147.646,148.629,150.27175,150.761,1.81164173855895,0.0121883385836459
"llama","api","large","sglang","e2e_ms_median",10,27056.193,26522.221,26594.42475,27270.052,27412.34075,27462.767,425.560523380635,0.0157287658090196
"llama","api","large","sglang","kv_peak_pct",10,80.7418,80.735,80.735,80.735,80.735,80.803,0.0215034880891443,0.000266324110796939
"llama","api","large","sglang","prefix_hit_pct",10,0.624,0.624,0.624,0.624,0.624,0.624,0,0
"llama","api","large","sglang","EDP_Js",10,2851048.0875,2604192.161,2701884.57625,2881278.694,2970732.2415,3072121.09,166354.05624083,0.0583483866758282
"qwen","api","large","sglang","E_tok_J",10,1.4069008,1.316402,1.348502,1.421758,1.460558,1.496981,0.0683431929290206,0.0485771228000017
"qwen","api","large","sglang","E_tok_pint_J",10,1.5208279,1.48632,1.51502675,1.525964,1.531582,1.540908,0.0170463722204396,0.0112086135587331
"qwen","api","large","sglang","P_gpu_mean_W",10,63.15205,59.0332,60.478575,64.20725,65.48505,67.0054,3.10087924565132,0.0491017986850992
"qwen","api","large","sglang","window_s",10,228.136,224.454,228.36275,228.572,228.68025,228.774,1.30875496390866,0.00573673144049451
"qwen","api","large","sglang","cpu_util_mean_pct",10,7.4615,7.156,7.32075,7.402,7.48375,7.988,0.259968480995507,0.0348413162226773
"qwen","api","large","sglang","T_gen_tps",10,44.8868,44.76,44.7785,44.8,44.84075,45.622,0.261248625727379,0.00582016596699652
"qwen","api","large","sglang","ttft_ms_median",10,7368.5985,7244.222,7370.72525,7376.429,7394.149,7404.166,45.9437996765856,0.00623507980202553
"qwen","api","large","sglang","tpot_ms_median",10,121.5345,120.05,121.4535,121.6745,121.85275,121.923,0.556548939647021,0.00457934939994011
"qwen","api","large","sglang","e2e_ms_median",10,22811.2666,22335.151,22848.203,22861.915,22880.227,22888.567,168.54080784203,0.00738848967913208
"qwen","api","large","sglang","kv_peak_pct",10,80.9299,80.924,80.924,80.924,80.924,80.983,0.0186574381949927,0.000230538258356833
"qwen","api","large","sglang","prefix_hit_pct",10,0.355,0.355,0.355,0.355,0.355,0.355,0,0
"qwen","api","large","sglang","EDP_Js",10,3286644.6927,3078088.874,3151852.17175,3298172.8195,3420826.776,3506891.411,160318.320695539,0.048778719845082
"llama","chat","large","sglang","E_tok_J",10,0.7225354,0.672293,0.68287825,0.724703,0.76154975,0.769369,0.0433495704815322,0.0599964658915428
"llama","chat","large","sglang","E_tok_pint_J",10,0.7837932,0.773902,0.7777545,0.7850645,0.7890185,0.793515,0.00671783961305022,0.00857093377825965
"llama","chat","large","sglang","P_gpu_mean_W",10,44.7858,41.7149,42.593925,45.0045,46.8974,47.502,2.33846576341555,0.0522144466195881
"llama","chat","large","sglang","window_s",10,264.2422,259.437,261.42925,264.8675,267.3515,267.965,3.4629562130257,0.013105235322086
"llama","chat","large","sglang","cpu_util_mean_pct",10,7.2155,5.986,6.34875,7.449,8.0325,8.155,0.943430295370157,0.130750508678561
"llama","chat","large","sglang","T_gen_tps",10,62.0133,61.142,61.28275,61.8605,62.67075,63.152,0.814466839922494,0.0131337445341966
"llama","chat","large","sglang","ttft_ms_median",10,614.5172,595.345,609.412,611.921,625.05475,630.065,11.5592330560658,0.0188102677289843
"llama","chat","large","sglang","tpot_ms_median",10,100.7044,98.359,99.50125,101.0175,101.911,102.714,1.54564428853041,0.0153483292540386
"llama","chat","large","sglang","e2e_ms_median",10,13311.5353,13063.091,13166.63875,13320.4075,13496.5965,13506.844,191.837181557724,0.0144113490468469
"llama","chat","large","sglang","kv_peak_pct",10,83.7202,83.685,83.70775,83.721,83.73625,83.744,0.020126268075991,0.000240399187722808
"llama","chat","large","sglang","prefix_hit_pct",10,74.2323,74.232,74.232,74.232,74.23275,74.233,0.000483045891541954,6.50721978898612e-06
"llama","chat","large","sglang","EDP_Js",10,3129567.1592,2865369.924,2938641.09625,3137447.372,3327242.97125,3362426.841,216851.025139185,0.0692910597881587
"llama","agentic","large","sglang","E_tok_J",10,0.687638,0.63988,0.65709925,0.685624,0.7226965,0.736873,0.0386111948734503,0.0561504670676291
"llama","agentic","large","sglang","E_tok_pint_J",10,0.7556508,0.75153,0.7543495,0.7558835,0.75735225,0.75961,0.00246234521453746,0.0032585755411593
"llama","agentic","large","sglang","P_gpu_mean_W",10,49.09518,45.6264,46.95325,48.87985,51.541025,52.7961,2.74790780283635,0.0559710302077791
"llama","agentic","large","sglang","window_s",10,215.134,214.379,214.63225,215.2205,215.59275,215.781,0.530546678227071,0.0024661219436587
"llama","agentic","large","sglang","cpu_util_mean_pct",10,7.6278,7.412,7.58575,7.637,7.69075,7.773,0.0996223981954972,0.0130604365866301
"llama","agentic","large","sglang","T_gen_tps",10,71.3976,71.183,71.24525,71.3685,71.564,71.649,0.17614211434079,0.00246705931769121
"llama","agentic","large","sglang","ttft_ms_median",10,3163.8907,3104.49,3114.44525,3119.696,3155.43525,3487.26,116.13837777128,0.0367074557194026
"llama","agentic","large","sglang","tpot_ms_median",10,88.2554,85.409,88.477,88.5905,88.673,88.759,1.01555044734917,0.0115069496863554
"llama","agentic","large","sglang","e2e_ms_median",10,14343.5938,14275.854,14299.5435,14353.057,14386.2825,14395.716,45.9282056857344,0.00320200127848952
"llama","agentic","large","sglang","kv_peak_pct",10,28.6544,28.649,28.6515,28.656,28.656,28.658,0.00359629438913619,0.000125505834675868
"llama","agentic","large","sglang","prefix_hit_pct",10,75.1262,75.125,75.126,75.126,75.126,75.128,0.00103279555898807,1.37474750351818e-05
"llama","agentic","large","sglang","EDP_Js",10,2272299.8602,2109535.883,2167766.719,2268950.0185,2390798.782,2426416.556,128260.104884154,0.0564450612925992
"qwen","agentic","large","sglang","E_tok_J",10,0.6040206,0.547003,0.59826475,0.6057095,0.6135945,0.640467,0.0254558551230251,0.0421440181394891
"qwen","agentic","large","sglang","E_tok_pint_J",10,0.6456222,0.642302,0.644444,0.6454135,0.64669125,0.64955,0.00218117658361004,0.0033784101346113
"qwen","agentic","large","sglang","P_gpu_mean_W",10,50.97139,46.1171,50.40795,51.0936,51.934075,54.0464,2.14377246276537,0.0420583480804697
"qwen","agentic","large","sglang","window_s",10,218.4227,217.651,218.03825,218.5055,218.769,219.049,0.477634227788961,0.00218674262239667
"qwen","agentic","large","sglang","cpu_util_mean_pct",10,7.6147,7.328,7.521,7.631,7.7565,7.8,0.159944469530313,0.0210046974313254
"qwen","agentic","large","sglang","T_gen_tps",10,84.3873,84.146,84.2535,84.355,84.5355,84.686,0.184502363730718,0.00218637595622467
"qwen","agentic","large","sglang","ttft_ms_median",10,2688.4648,2288.924,2653.37775,2686.1485,2730.6515,3074.838,188.512280295417,0.0701189319255423
"qwen","agentic","large","sglang","tpot_ms_median",10,74.336,71.139,74.25525,74.362,74.49475,77.449,1.4982701136088,0.0201553771202217
"qwen","agentic","large","sglang","e2e_ms_median",10,12138.3786,12096.295,12117.13675,12131.5495,12161.88875,12188.287,31.4212615462135,0.0025885880298884
"qwen","agentic","large","sglang","kv_peak_pct",10,28.6705,28.661,28.6665,28.671,28.67325,28.68,0.0067040617870391,0.000233831352332157
"qwen","agentic","large","sglang","prefix_hit_pct",10,75.1333,75.131,75.133,75.134,75.134,75.134,0.00105934990547107,1.40996057070709e-05
"qwen","agentic","large","sglang","EDP_Js",10,2431777.9385,2204255.819,2410528.88075,2437886.647,2468075.7735,2578524.838,102975.836681436,0.0423459046367348
