"model","profile","context","engine","rho","p","p_holm"
"llama","api","small","vllm",-0.272727272727273,0.448272158936988,1
"qwen","api","small","vllm",-0.212121212121212,0.559908079271241,1
"llama","chat","small","vllm",-0.345454545454545,0.330549465992496,1
"llama","agentic","small","vllm",0.515151515151515,0.132823060175966,1
"qwen","agentic","small","vllm",0.636363636363636,0.0544450679375418,1
"llama","api","medium","vllm",-0.309090909090909,0.387054968154447,1
"llama","chat","medium","vllm",0.175757575757576,0.631967363906089,1
"llama","agentic","medium","vllm",-0.418181818181818,0.232418098250503,1
"llama","api","large","vllm",0.0545454545454545,0.891638843953118,1
"qwen","api","large","vllm",-0.418181818181818,0.232418098250503,1
"llama","chat","large","vllm",-0.103030303030303,0.785018103976204,1
"llama","agentic","large","vllm",-0.539393939393939,0.113298067042129,1
"qwen","agentic","large","vllm",-0.406060606060606,0.247370787611931,1
"llama","api","small","sglang",-0.212121212121212,0.559908079271241,1
"qwen","api","small","sglang",0.0909090909090909,0.811416953056797,1
"llama","chat","small","sglang",0.478787878787879,0.166058037179348,1
"llama","agentic","small","sglang",0.0666666666666667,0.864753528804526,1
"qwen","agentic","small","sglang",-0.490909090909091,0.154442672733181,1
"llama","api","medium","sglang",-0.296969696969697,0.406950227375658,1
"llama","chat","medium","sglang",-0.272727272727273,0.448272158936988,1
"llama","agentic","medium","sglang",0.187878787878788,0.607566897460635,1
"llama","api","large","sglang",0.260606060606061,0.469675250206491,1
"qwen","api","large","sglang",0.527272727272727,0.12280318761783,1
"llama","chat","large","sglang",-0.551515151515151,0.10429776397167,1
"llama","agentic","large","sglang",-0.248484848484848,0.491555497342584,1
"qwen","agentic","large","sglang",-0.333333333333333,0.348846243872153,1
