"metric","n_v","n_s","med_v","med_s","diff_pct","diff_lo","diff_hi","U","p_raw","delta","delta_lo","delta_hi","magnitude","p_holm","rq"
"E_tok_J",10,10,0.3372935,0.332918,-1.29723816201616,-6.65067189625123,4.18156560538387,37,0.352681374353201,-0.26,-0.625310831773249,0.198779926342522,"small",0.435125246270757,"RQ1.1"
"cpu_util_mean_pct",10,10,3.493,8.161,133.638705983395,122.401847575058,141.5072122461,100,1.0825088224469e-05,1,0.973506839065175,1,"large",4.33003528978761e-05,"RQ1.2"
"P_gpu_mean_W",10,10,36.60095,35.6389,-2.62848368689883,-7.28403578670171,3.94314779844456,33,0.217562623135379,-0.34,-0.693570570471563,0.14557671243409,"medium",0.435125246270757,"RQ1.3a"
"window_s",10,10,217.92,219.9125,0.914326358296602,-0.380707749466769,1.17386341605523,74,0.0752560133365087,0.48,-0.15831806422952,0.835363708964835,"large",0.225768040009526,"RQ1.3b"
"E_total_J",10,10,7943.9338,7840.8937,-1.29709162480685,-6.48315308118802,4.0144917563256,37,0.352681374353201,-0.26,-0.625310831773249,0.198779926342522,"small",NA,"RQ1 (descriptive)"
"E_req_J",10,10,43.173555,42.613555,-1.29709031373486,-6.49980581842595,4.01449016741171,37,0.352681374353201,-0.26,-0.625310831773249,0.198779926342522,"small",NA,"RQ1 (descriptive)"
"T_req_rps",10,10,0.844345,0.836695,-0.90602774932047,-1.15883076340934,0.382224400009434,26,0.0752560133365087,-0.48,-0.835363708964835,0.15831806422952,"large",0.150512026673017,"RQ2.1"
"T_gen_tps",10,10,108.076,107.097,-0.905844035678582,-1.16028785485316,0.386951047915263,26,0.0752560133365087,-0.48,-0.835363708964835,0.15831806422952,"large",0.150512026673017,"RQ2.1"
"ttft_ms_median",10,10,583.4435,878.066,50.4971775330431,48.7232713897505,51.5933158792769,100,1.0825088224469e-05,1,0.973506839065175,1,"large",5.41254411223451e-05,"RQ2.2"
"tpot_ms_median",10,10,69.928,68.401,-2.18367463676923,-2.97483586989646,-1.50902100822184,6,0.000324752646734071,-0.88,-0.981533831706944,-0.391603206214698,"large",0.000974257940202213,"RQ2.3"
"kv_peak_pct",10,10,5.841,5.746,-1.62643382982366,-1.62643382982366,-1.62643382982366,0,1.0825088224469e-05,-1,-1,-0.973506839065175,"large",5.41254411223451e-05,"RQ2.4"
