"metric","term","F","df1","df2","p","eta2p"
"E_tok_J","engine",156.911694992435,1,162,1.32201734067465e-25,0.492022391954479
"E_tok_J","profile",197.186447748149,2,162,3.94523655855309e-44,0.708828375157471
"E_tok_J","context",652.079117143912,2,162,3.23644200179696e-78,0.889507151266868
"E_tok_J","engine:profile",16.7050390825959,2,162,2.53520185013713e-07,0.170974181469537
"E_tok_J","engine:context",110.069808682498,2,162,6.46738865651936e-31,0.576071172319024
"E_tok_J","profile:context",653.76973826754,4,162,8.47438501273924e-99,0.941665324343443
"E_tok_J","engine:profile:context",7.98714886915548,4,162,6.67936723911672e-06,0.164727129877426
"ttft_ms_median","engine",563.618636096161,1,162,1.27042635935371e-54,0.77674222802275
"ttft_ms_median","profile",745.145597471889,2,162,2.0216338857489e-82,0.901954328331628
"ttft_ms_median","context",754.095675673346,2,162,8.44600841223302e-83,0.903005125808263
"ttft_ms_median","engine:profile",2201.87901207831,2,162,3.54953941758532e-118,0.964518487588942
"ttft_ms_median","engine:context",2223.51976251764,2,162,1.65299351303134e-118,0.96485167915787
"ttft_ms_median","profile:context",2415.71337498406,4,162,3.1548984350851e-143,0.983511204518108
"ttft_ms_median","engine:profile:context",1679.83963973566,4,162,1.05366396092545e-130,0.976458137065177
"tpot_ms_median","engine",514.019342427117,1,162,3.97373385645854e-52,0.760361886365011
"tpot_ms_median","profile",692.609160365782,2,162,4.14034600236054e-80,0.895295965779799
"tpot_ms_median","context",686.266338098745,2,162,8.06582475311362e-80,0.894430400529867
"tpot_ms_median","engine:profile",965.49110439745,2,162,9.74333662574583e-91,0.922598482051466
"tpot_ms_median","engine:context",1166.78063161656,2,162,6.31086776258987e-97,0.935084743305351
"tpot_ms_median","profile:context",1699.80868036777,4,162,4.1384857494714e-131,0.976728266394993
"tpot_ms_median","engine:profile:context",979.971890980076,4,162,2.44015472222108e-112,0.960312478611142
"kv_peak_pct","engine",1259.00292955007,1,162,2.71006509043547e-78,0.885996012653335
"kv_peak_pct","profile",1212.59165823434,2,162,3.40183163213349e-98,0.937383640745984
"kv_peak_pct","context",1258.523953388,2,162,2.0151033228245e-99,0.93953075658324
"kv_peak_pct","engine:profile",442.764098908887,2,162,2.17416584947818e-66,0.845350225094197
"kv_peak_pct","engine:context",850.117459793071,2,162,1.25292313671824e-86,0.913007753051907
"kv_peak_pct","profile:context",2654.73421847222,4,162,1.70945867367465e-146,0.984973476619424
"kv_peak_pct","engine:profile:context",133.872880542389,4,162,2.78412939332932e-50,0.767739112446705
"E_tok_pint_J","engine",505.487694740183,1,162,1.11389912997258e-51,0.757298896629012
"E_tok_pint_J","profile",672.092009303881,2,162,3.65254290996582e-79,0.892443421256226
"E_tok_pint_J","context",669.727703016952,2,162,4.7120371162606e-79,0.892104687659074
"E_tok_pint_J","engine:profile",603.527931307279,2,162,8.32916492239459e-76,0.881670277726564
"E_tok_pint_J","engine:context",2393.98639732265,2,162,5.10373837175348e-121,0.967272547401625
"E_tok_pint_J","profile:context",1602.2800074907,4,162,4.41602444468733e-129,0.975346668564671
"E_tok_pint_J","engine:profile:context",1129.56945428555,4,162,3.77936549851786e-117,0.96538667012316
