"model","profile","context","eta_diff_pct","eta_delta","eta_p_holm","eta_better","e2e_diff_pct","e2e_delta","e2e_p_holm","e2e_better","edp_diff_pct","edp_delta","edp_p_holm","outcome","preferred"
"llama","api","small",1.30506259747925,0.26,1,"none",1.02942551147536,0.66,0.0344887310831583,"vllm",-0.334499456508164,-0.06,1,"dominance","vllm"
"qwen","api","small",3.40599409818001,0.04,0.911797181147026,"none",0.553599590849219,0.9,0.000617030028794735,"vllm",-2.8370576094739,0.02,0.970512459676546,"dominance","vllm"
"llama","chat","small",-1.37167878459713,-0.22,1,"none",0.874279611751438,0.5,0.104851804542207,"none",3.66346115333049,0.32,0.98980276689255,"equivalent","none"
"llama","agentic","small",3.10887395574428,0.16,1,"none",-0.703063048001606,-0.72,0.0259802117387257,"sglang",-2.06449110701072,-0.24,1,"dominance","sglang"
"qwen","agentic","small",-5.23058515989006,-0.46,0.178419104115699,"none",-0.73846700280511,-0.8,0.0015046872632012,"sglang",4.90167395555494,0.42,0.246010954989283,"dominance","sglang"
"llama","api","medium",3.80609470986562,0.72,0.0311762540864708,"sglang",-1.18916857075202,-0.82,0.00630020134664098,"sglang",-5.40091877108978,-0.68,0.0535841867111217,"dominance","sglang"
"llama","chat","medium",7.28229379342624,0.66,0.0574812184719305,"none",0.548090924073552,0.72,0.0259802117387257,"vllm",-7.11299343362075,-0.68,0.0535841867111217,"dominance","vllm"
"llama","agentic","medium",2.51606067515191,0.3,1,"none",0.500593806663185,0.52,0.104851804542207,"none",-1.88313697147438,-0.2,1,"equivalent","none"
"llama","api","large",12.8839418333853,1,9.74257940202213e-05,"sglang",-7.62732775429876,-1,9.74257940202213e-05,"sglang",-18.5936920571872,-1,9.74257940202213e-05,"dominance","sglang"
"qwen","api","large",16.376315267024,0.98,8.66007057957522e-05,"sglang",-3.86408765346973,-1,4.33003528978761e-05,"sglang",-18.3701035697659,-1,4.33003528978761e-05,"dominance","sglang"
"llama","chat","large",9.60603334509038,0.84,0.00507696637727597,"sglang",-2.31048079667618,-0.88,0.0022732685271385,"sglang",-12.0237177682823,-1,9.74257940202213e-05,"dominance","sglang"
"llama","agentic","large",14.7002413161556,1,9.74257940202213e-05,"sglang",-9.33700683440738,-1,9.74257940202213e-05,"sglang",-20.8140394539275,-1,9.74257940202213e-05,"dominance","sglang"
"qwen","agentic","large",9.83452794731503,0.91,0.000454653705427965,"sglang",-2.98875616963283,-0.9,0.000617030028794735,"sglang",-11.4814709961621,-0.98,6.49505293468142e-05,"dominance","sglang"
