"model","profile","context","removed","metric","n_v","n_s","med_v","med_s","diff_pct","diff_lo","diff_hi","U","p_raw","delta","delta_lo","delta_hi","magnitude","p_holm"
"llama","api","small",0,"E_tok_J",10,10,0.3372935,0.332918,-1.29723816201616,-6.56684165303599,4.18197294572855,37,0.352681374353201,-0.26,-0.625310831773249,0.198779926342522,"small",1
"llama","api","small",3,"ttft_ms_median",9,8,583.414,878.6875,50.6113154638044,50.2051396112784,51.8649390423057,72,8.22706705059646e-05,1,0.95916236872961,1,"large",0.000329082682023858
"llama","api","small",2,"tpot_ms_median",9,9,69.968,68.417,-2.21672764692431,-2.68328906406191,-1.532059496897,0,4.11353352529823e-05,-1,-1,-0.965106596523338,"large",0.000246812011517894
"llama","api","small",3,"e2e_ms_median",8,9,9473.1785,9568.029,1.00125316967268,0.430865073174291,1.15742862571051,64,0.00551213492389963,0.777777777777778,0.0244213157498614,0.967715165631625,"large",0.0165364047716989
"llama","api","small",0,"kv_peak_pct",10,10,5.841,5.746,-1.62643382982366,-1.62643382982366,-1.62643382982366,0,1.0825088224469e-05,-1,-1,-0.973506839065175,"large",9.74257940202213e-05
"qwen","api","small",0,"E_tok_J",10,10,0.331949,0.3210025,-3.29764512018413,-6.14280056746799,4.81692315596871,48,0.911797181147026,-0.04,-0.545076432711452,0.486379466626205,"negligible",0.911797181147026
"qwen","api","small",2,"ttft_ms_median",8,10,585.436,829.6095,41.7079749110065,39.6963712621909,42.6820216630041,80,4.57059280588692e-05,1,0.964407798785471,1,"large",9.14118561177385e-05
"qwen","api","small",1,"tpot_ms_median",9,10,64.308,62.819,-2.31541954344717,-2.67608915119982,-1.7055935965982,0,2.16501764489381e-05,-1,-1,-0.96959311457113,"large",8.66007057957522e-05
"qwen","api","small",1,"e2e_ms_median",9,10,8757.525,8804.168,0.532604817000237,0.207414246006232,0.778526548236025,85,0.000411353352529823,0.888888888888889,0.560687499095868,0.975713302066045,"large",0.000411353352529823
"qwen","api","small",0,"kv_peak_pct",10,10,6.114,5.934,-2.94406280667321,-2.94406280667321,-2.94406280667321,0,1.0825088224469e-05,-1,-1,-0.973506839065175,"large",4.33003528978761e-05
"llama","chat","small",0,"E_tok_J",10,10,0.3129935,0.3173435,1.3898052195972,-4.19379967622965,5.97647434810398,61,0.435872177358246,0.22,-0.320289204878148,0.652294145533758,"small",1
"llama","chat","small",4,"ttft_ms_median",8,8,488.022,500.5255,2.56207711947412,1.57725378488158,4.4311686643302,64,0.000155400155400155,1,0.952212418924022,1,"large",0.000329082682023858
"llama","chat","small",2,"tpot_ms_median",10,8,68.025,68.4285,0.59316427783902,0.0329765659146108,2.86366434910577,67,0.0155400155400155,0.675,0.163103684055111,0.900559054915402,"large",0.0466200466200466
"llama","chat","small",2,"e2e_ms_median",10,8,9079.132,9165.6735,0.953191340317572,0.17743349623971,2.60298502028955,70,0.00621600621600622,0.75,0.267570708438669,0.931771448198947,"large",0.0165364047716989
"llama","chat","small",1,"kv_peak_pct",10,9,8.81,8.704,-1.20317820658342,-1.20317820658342,-1.20317820658342,0,2.16501764489381e-05,-1,-1,-0.96959311457113,"large",0.00010825088224469
"llama","agentic","small",0,"E_tok_J",10,10,0.2982,0.2892715,-2.99413145539906,-7.48779736597189,5.59700082126915,42,0.578741691744788,-0.16,-0.600070971018621,0.354415591305263,"small",1
"llama","agentic","small",2,"ttft_ms_median",9,9,344.634,264.368,-23.2902151267722,-23.6815693034799,-22.7267822511264,0,4.11353352529823e-05,-1,-1,-0.965106596523338,"large",0.000205676676264912
"llama","agentic","small",2,"tpot_ms_median",9,9,67,67.151,0.225373134328355,-0.282388800071731,0.637989511273118,59,0.113492389962978,0.45679012345679,-0.164126984220812,0.818455169732042,"medium",0.226984779925956
"llama","agentic","small",2,"e2e_ms_median",9,9,8855.97,8793.21,-0.708674487379701,-1.25662342769518,-0.319868192517581,4,0.000493624023035788,-0.901234567901235,-0.984895520298752,-0.476422416393086,"large",0.00246812011517894
"llama","agentic","small",1,"kv_peak_pct",10,9,2.969,2.838,-4.41226002020881,-4.41226002020881,-4.41226002020881,0,2.16501764489381e-05,-1,-1,-0.96959311457113,"large",0.00010825088224469
"qwen","agentic","small",1,"E_tok_J",9,10,0.265777,0.2812045,5.80467835817244,0.846723721363474,10.2702614145713,73,0.02201822944857,0.622222222222222,0.0114959907192603,0.894849217293844,"large",0.04403645889714
"qwen","agentic","small",1,"ttft_ms_median",9,10,319.914,243.6485,-23.8393755821877,-24.5682463325316,-17.9428923665613,0,2.16501764489381e-05,-1,-1,-0.96959311457113,"large",8.66007057957522e-05
"qwen","agentic","small",2,"tpot_ms_median",8,10,62.0445,62.1515,0.172456865636761,-0.0161267274827903,0.316062761033975,62,0.054527172174231,0.55,-0.083941340528801,0.867008057994402,"large",0.054527172174231
"qwen","agentic","small",2,"e2e_ms_median",8,10,8199.2925,8138.062,-0.746777846991065,-0.947137007021448,-0.631114768580798,0,4.57059280588692e-05,-1,-1,-0.964407798785471,"large",0.000123406005758947
"qwen","agentic","small",0,"kv_peak_pct",10,10,2.969,2.85,-4.008083529808,-4.008083529808,-4.008083529808,0,1.0825088224469e-05,-1,-1,-0.973506839065175,"large",4.33003528978761e-05
"llama","api","medium",2,"E_tok_J",10,8,0.576637,0.5529105,-4.11463364300242,-10.180023096195,-1.84894488985347,0,4.57059280588692e-05,-1,-1,-0.964407798785471,"large",0.000319941496412085
"llama","api","medium",1,"ttft_ms_median",9,10,1480.299,2655.5895,79.3954802374385,52.2179735024838,80.6242766812576,90,2.16501764489381e-05,1,0.96959311457113,1,"large",0.000151551235142566
"llama","api","medium",1,"tpot_ms_median",9,10,91.486,81.2415,-11.1978882014735,-11.3864719669612,-8.28498694374338,0,2.16501764489381e-05,-1,-1,-0.96959311457113,"large",0.000173201411591504
"llama","api","medium",2,"e2e_ms_median",9,9,13096.155,12941.186,-1.183316782674,-1.49976340045354,-0.932184063706676,0,4.11353352529823e-05,-1,-1,-0.965106596523338,"large",0.000287947346770876
"llama","api","medium",0,"kv_peak_pct",10,10,20.844,20.746,-0.470159278449445,-0.513337171368278,-0.470159278449445,0,1.0825088224469e-05,-1,-1,-0.973506839065175,"large",9.74257940202213e-05
"llama","chat","medium",0,"E_tok_J",10,10,0.4035,0.3761255,-6.78426270136306,-9.99814411769668,-0.534816340821098,17,0.0114962436943861,-0.66,-0.901714551848268,-0.103933002483898,"large",0.0574812184719305
"llama","chat","medium",5,"ttft_ms_median",6,9,322.098,528.495,64.0789449173854,63.5000124032546,64.5058306548035,54,0.0003996003996004,1,0.938981668838912,1,"large",0.0003996003996004
"llama","chat","medium",2,"tpot_ms_median",9,9,76.825,75.202,-2.1125935567849,-2.42238854539538,-1.60035505430243,0,4.11353352529823e-05,-1,-1,-0.965106596523338,"large",0.000246812011517894
"llama","chat","medium",1,"e2e_ms_median",9,10,10081.563,10136.6115,0.546031404059066,0.0680450045295711,0.899887828019308,76,0.010132282578103,0.688888888888889,0.150051388660489,0.912201495527912,"large",0.0165364047716989
"llama","chat","medium",1,"kv_peak_pct",10,9,23.813,23.702,-0.466131944736059,-0.466131944736059,-0.466131944736059,0,2.16501764489381e-05,-1,-1,-0.96959311457113,"large",0.00010825088224469
"llama","agentic","medium",0,"E_tok_J",10,10,0.3832505,0.3739005,-2.43965761297116,-8.1998126201861,3.86143613528767,35,0.279861005867198,-0.3,-0.660835283922242,0.173483291293431,"small",1
"llama","agentic","medium",3,"ttft_ms_median",9,8,758.15,946.5435,24.849106377366,22.9275370494286,25.5381127386177,72,8.22706705059646e-05,1,0.95916236872961,1,"large",0.000329082682023858
"llama","agentic","medium",2,"tpot_ms_median",10,8,70.96,70.0735,-1.24929537767758,-1.7672159681087,0.305611222444879,25,0.203071438365556,-0.375,-0.793735894577895,0.284886172466478,"medium",0.226984779925956
"llama","agentic","medium",2,"e2e_ms_median",10,8,9787.2765,9848.276,0.623253057170703,0.112946720326823,3.36008040913121,74,0.00137117784176608,0.85,0.437866900841153,0.966924510353635,"large",0.00548471136706431
"llama","agentic","medium",2,"kv_peak_pct",10,8,8.127,8.003,-1.52577826996433,-1.52577826996433,-1.52577826996433,0,4.57059280588692e-05,-1,-1,-0.964407798785471,"large",0.00010825088224469
"llama","api","large",1,"E_tok_J",9,10,1.825459,1.6251375,-10.9737605719986,-17.3349047001492,-7.74919035624324,0,2.16501764489381e-05,-1,-1,-0.96959311457113,"large",0.000173201411591504
"llama","api","large",0,"ttft_ms_median",10,10,3644.815,8238.815,126.042062491512,122.868452126108,132.884571574189,100,1.0825088224469e-05,1,0.973506839065175,1,"large",9.74257940202213e-05
"llama","api","large",1,"tpot_ms_median",9,10,203.922,148.629,-27.1147791802748,-27.9361949295665,-25.880440627297,0,2.16501764489381e-05,-1,-1,-0.96959311457113,"large",0.000173201411591504
"llama","api","large",1,"e2e_ms_median",9,10,29553.345,27270.052,-7.72600529652395,-10.3326289974961,-6.66985364751627,0,2.16501764489381e-05,-1,-1,-0.96959311457113,"large",0.000173201411591504
"llama","api","large",1,"kv_peak_pct",10,9,80.777,80.735,-0.0519949985763324,-0.0519949985763324,-0.0519949985763324,0,2.16501764489381e-05,-1,-1,-0.96959311457113,"large",0.00010825088224469
"qwen","api","large",0,"E_tok_J",10,10,1.654621,1.421758,-14.0734947761451,-19.4619192299724,-6.71089431642122,1,2.16501764489381e-05,-0.98,-0.996821588802666,-0.87952240242849,"large",8.66007057957522e-05
"qwen","api","large",1,"ttft_ms_median",10,9,3472.09,7376.775,112.459210446734,109.256577280654,113.919541605318,90,2.16501764489381e-05,1,0.96959311457113,1,"large",8.66007057957522e-05
"qwen","api","large",2,"tpot_ms_median",9,9,160.08,121.679,-23.9886306846577,-24.7989864342882,-23.637436296538,0,4.11353352529823e-05,-1,-1,-0.965106596523338,"large",0.000123406005758947
"qwen","api","large",2,"e2e_ms_median",9,9,23798.605,22866.05,-3.9185279977545,-4.97568388590135,-3.49399998386882,0,4.11353352529823e-05,-1,-1,-0.965106596523338,"large",0.000123406005758947
"qwen","api","large",1,"kv_peak_pct",10,9,81.051,80.924,-0.156691465867165,-0.156691465867165,-0.156691465867165,0,2.16501764489381e-05,-1,-1,-0.96959311457113,"large",4.33003528978761e-05
"llama","chat","large",0,"E_tok_J",10,10,0.792733,0.724703,-8.58170405420237,-15.9269890381569,-1.24615517829199,8,0.000725280911039425,-0.84,-0.987400210723482,0.0878769782710063,"large",0.00435168546623655
"llama","chat","large",0,"ttft_ms_median",10,10,370.646,611.921,65.095805701397,63.7441658856291,69.3961880682385,100,1.0825088224469e-05,1,0.973506839065175,1,"large",9.74257940202213e-05
"llama","chat","large",0,"tpot_ms_median",10,10,104.3065,101.0175,-3.15320713474232,-4.87531216083597,-1.55457435193864,0,1.0825088224469e-05,-1,-1,-0.973506839065175,"large",9.74257940202213e-05
"llama","chat","large",0,"e2e_ms_median",10,10,13635.452,13320.4075,-2.31048079667618,-3.72137082423818,-0.36249357269108,6,0.000324752646734071,-0.88,-0.973359680538886,-0.536338915230924,"large",0.00194851588040443
"llama","chat","large",0,"kv_peak_pct",10,10,83.747,83.721,-0.0310458882109121,-0.0477629049398853,-0.0119407262349713,0,1.0825088224469e-05,-1,-1,-0.973506839065175,"large",9.74257940202213e-05
"llama","agentic","large",0,"E_tok_J",10,10,0.7861675,0.685624,-12.7890684873135,-19.9973589760129,-6.05839891593266,0,1.0825088224469e-05,-1,-1,-0.973506839065175,"large",9.74257940202213e-05
"llama","agentic","large",1,"ttft_ms_median",10,9,1933.99,3119.322,61.2894585804477,60.5535325610423,63.3701336612194,90,2.16501764489381e-05,1,0.96959311457113,1,"large",0.000151551235142566
"llama","agentic","large",2,"tpot_ms_median",10,8,109.2825,88.6455,-18.8840848260243,-19.1006519725706,-18.6979054496799,0,4.57059280588692e-05,-1,-1,-0.964407798785471,"large",0.000246812011517894
"llama","agentic","large",0,"e2e_ms_median",10,10,15831.219,14353.057,-9.33700683440738,-9.71088782275751,-8.93599920614772,0,1.0825088224469e-05,-1,-1,-0.973506839065175,"large",9.74257940202213e-05
"llama","agentic","large",0,"kv_peak_pct",10,10,28.756,28.656,-0.347753512310478,-0.368618723049108,-0.344275977187369,0,1.0825088224469e-05,-1,-1,-0.973506839065175,"large",9.74257940202213e-05
"qwen","agentic","large",3,"E_tok_J",9,8,0.666164,0.6057095,-9.07501756324268,-11.0927739578123,-6.51780023181122,1,0.000164541341011929,-0.972222222222222,-0.995687950956082,-0.831819753734433,"large",0.000493624023035788
"qwen","agentic","large",3,"ttft_ms_median",9,8,1589.888,2686.1485,68.9520582581918,66.0511051036331,72.2157936124072,72,8.22706705059646e-05,1,0.95916236872961,1,"large",9.14118561177385e-05
"qwen","agentic","large",3,"tpot_ms_median",9,8,86.282,74.362,-13.8151642289238,-14.305040642918,-13.4393719104391,0,8.22706705059646e-05,-1,-1,-0.95916236872961,"large",0.000164541341011929
"qwen","agentic","large",1,"e2e_ms_median",9,10,12514.371,12131.5495,-3.0590550655722,-3.61548873480924,-2.65755266746767,0,2.16501764489381e-05,-1,-1,-0.96959311457113,"large",8.66007057957522e-05
"qwen","agentic","large",0,"kv_peak_pct",10,10,28.756,28.671,-0.295590485463904,-0.316455696202533,-0.279941577409937,0,1.0825088224469e-05,-1,-1,-0.973506839065175,"large",4.33003528978761e-05
