"model","profile","context","engine","metric","W_p"
"llama","api","small","vllm","E_tok_J",0.262139405355552
"llama","api","small","vllm","E_tok_pint_J",0.00606389482428486
"llama","api","small","vllm","P_gpu_mean_W",0.392709361736184
"llama","api","small","vllm","window_s",0.000375337540684992
"llama","api","small","vllm","cpu_util_mean_pct",2.49838141918923e-05
"llama","api","small","vllm","T_gen_tps",0.000343040094170388
"llama","api","small","vllm","ttft_ms_median",2.24725728108125e-06
"llama","api","small","vllm","tpot_ms_median",0.00119842011412343
"llama","api","small","vllm","e2e_ms_median",4.73863946872294e-05
"llama","api","small","vllm","kv_peak_pct",NA
"llama","api","small","vllm","prefix_hit_pct",NA
"llama","api","small","vllm","EDP_Js",0.204153011628837
"qwen","api","small","vllm","E_tok_J",0.288786171817074
"qwen","api","small","vllm","E_tok_pint_J",0.291019967512534
"qwen","api","small","vllm","P_gpu_mean_W",0.669604542264703
"qwen","api","small","vllm","window_s",0.000387690032792616
"qwen","api","small","vllm","cpu_util_mean_pct",0.000581870079710237
"qwen","api","small","vllm","T_gen_tps",0.000335139274391276
"qwen","api","small","vllm","ttft_ms_median",0.000211742365028326
"qwen","api","small","vllm","tpot_ms_median",0.00141659028664138
"qwen","api","small","vllm","e2e_ms_median",1.96894659158417e-05
"qwen","api","small","vllm","kv_peak_pct",NA
"qwen","api","small","vllm","prefix_hit_pct",NA
"qwen","api","small","vllm","EDP_Js",0.154603394460756
"llama","chat","small","vllm","E_tok_J",0.190316780305166
"llama","chat","small","vllm","E_tok_pint_J",0.505789652442212
"llama","chat","small","vllm","P_gpu_mean_W",0.286817398693556
"llama","chat","small","vllm","window_s",0.0432459624236293
"llama","chat","small","vllm","cpu_util_mean_pct",0.00589253993813506
"llama","chat","small","vllm","T_gen_tps",0.0397518795156836
"llama","chat","small","vllm","ttft_ms_median",0.000132046770792484
"llama","chat","small","vllm","tpot_ms_median",0.0295581782623545
"llama","chat","small","vllm","e2e_ms_median",0.199294735488496
"llama","chat","small","vllm","kv_peak_pct",NA
"llama","chat","small","vllm","prefix_hit_pct",NA
"llama","chat","small","vllm","EDP_Js",0.097267140271933
"llama","agentic","small","vllm","E_tok_J",0.423473797865166
"llama","agentic","small","vllm","E_tok_pint_J",0.000840989005968184
"llama","agentic","small","vllm","P_gpu_mean_W",0.38853714333109
"llama","agentic","small","vllm","window_s",4.33995690367096e-05
"llama","agentic","small","vllm","cpu_util_mean_pct",0.000173045382271818
"llama","agentic","small","vllm","T_gen_tps",3.61748530245788e-05
"llama","agentic","small","vllm","ttft_ms_median",0.000535811299939716
"llama","agentic","small","vllm","tpot_ms_median",8.67186785477587e-05
"llama","agentic","small","vllm","e2e_ms_median",4.47338787666e-05
"llama","agentic","small","vllm","kv_peak_pct",NA
"llama","agentic","small","vllm","prefix_hit_pct",NA
"llama","agentic","small","vllm","EDP_Js",0.609552251846134
"qwen","agentic","small","vllm","E_tok_J",0.0325321516737426
"qwen","agentic","small","vllm","E_tok_pint_J",0.000718945774982885
"qwen","agentic","small","vllm","P_gpu_mean_W",0.0777488277389321
"qwen","agentic","small","vllm","window_s",1.16572317042724e-05
"qwen","agentic","small","vllm","cpu_util_mean_pct",0.585541613802363
"qwen","agentic","small","vllm","T_gen_tps",1.03985417277416e-05
"qwen","agentic","small","vllm","ttft_ms_median",0.00447339218349444
"qwen","agentic","small","vllm","tpot_ms_median",1.75616466445162e-05
"qwen","agentic","small","vllm","e2e_ms_median",5.76202312415654e-06
"qwen","agentic","small","vllm","kv_peak_pct",NA
"qwen","agentic","small","vllm","prefix_hit_pct",NA
"qwen","agentic","small","vllm","EDP_Js",0.127598236779371
"llama","api","medium","vllm","E_tok_J",0.0113553943404879
"llama","api","medium","vllm","E_tok_pint_J",0.00268596884173005
"llama","api","medium","vllm","P_gpu_mean_W",0.0259416377547237
"llama","api","medium","vllm","window_s",0.000137890620430067
"llama","api","medium","vllm","cpu_util_mean_pct",5.01575635435027e-06
"llama","api","medium","vllm","T_gen_tps",0.000117131384337024
"llama","api","medium","vllm","ttft_ms_median",0.272243976414594
"llama","api","medium","vllm","tpot_ms_median",2.48551657128603e-05
"llama","api","medium","vllm","e2e_ms_median",5.23959896190577e-05
"llama","api","medium","vllm","kv_peak_pct",NA
"llama","api","medium","vllm","prefix_hit_pct",NA
"llama","api","medium","vllm","EDP_Js",0.09292979907085
"llama","chat","medium","vllm","E_tok_J",0.529042576561632
"llama","chat","medium","vllm","E_tok_pint_J",0.0479030938504138
"llama","chat","medium","vllm","P_gpu_mean_W",0.813469973836767
"llama","chat","medium","vllm","window_s",0.0265541105730258
"llama","chat","medium","vllm","cpu_util_mean_pct",0.00180970133787577
"llama","chat","medium","vllm","T_gen_tps",0.0242385087194152
"llama","chat","medium","vllm","ttft_ms_median",0.308223732828578
"llama","chat","medium","vllm","tpot_ms_median",0.0215132215522915
"llama","chat","medium","vllm","e2e_ms_median",0.00202689639009098
"llama","chat","medium","vllm","kv_peak_pct",NA
"llama","chat","medium","vllm","prefix_hit_pct",NA
"llama","chat","medium","vllm","EDP_Js",0.185182020211943
"llama","agentic","medium","vllm","E_tok_J",0.164096796348364
"llama","agentic","medium","vllm","E_tok_pint_J",0.105334543863134
"llama","agentic","medium","vllm","P_gpu_mean_W",0.0602230188403852
"llama","agentic","medium","vllm","window_s",0.0329936303344324
"llama","agentic","medium","vllm","cpu_util_mean_pct",0.0106326997168278
"llama","agentic","medium","vllm","T_gen_tps",0.0315567799977009
"llama","agentic","medium","vllm","ttft_ms_median",0.289595718315753
"llama","agentic","medium","vllm","tpot_ms_median",0.143083964488722
"llama","agentic","medium","vllm","e2e_ms_median",0.00228909670991299
"llama","agentic","medium","vllm","kv_peak_pct",NA
"llama","agentic","medium","vllm","prefix_hit_pct",NA
"llama","agentic","medium","vllm","EDP_Js",0.689765175864812
"llama","api","large","vllm","E_tok_J",0.26081604260158
"llama","api","large","vllm","E_tok_pint_J",0.305429964966756
"llama","api","large","vllm","P_gpu_mean_W",0.985442892788399
"llama","api","large","vllm","window_s",0.0241015835725624
"llama","api","large","vllm","cpu_util_mean_pct",0.000381622256381502
"llama","api","large","vllm","T_gen_tps",0.021106621038833
"llama","api","large","vllm","ttft_ms_median",0.0157183083338204
"llama","api","large","vllm","tpot_ms_median",0.00720025352455562
"llama","api","large","vllm","e2e_ms_median",0.00482598040921297
"llama","api","large","vllm","kv_peak_pct",NA
"llama","api","large","vllm","prefix_hit_pct",NA
"llama","api","large","vllm","EDP_Js",0.100018199838448
"qwen","api","large","vllm","E_tok_J",0.0740412357322517
"qwen","api","large","vllm","E_tok_pint_J",0.444767717030314
"qwen","api","large","vllm","P_gpu_mean_W",0.328391050184058
"qwen","api","large","vllm","window_s",0.197242396618698
"qwen","api","large","vllm","cpu_util_mean_pct",0.000385284642507831
"qwen","api","large","vllm","T_gen_tps",0.179006260324789
"qwen","api","large","vllm","ttft_ms_median",0.507466977927698
"qwen","api","large","vllm","tpot_ms_median",0.0561318602576908
"qwen","api","large","vllm","e2e_ms_median",0.0972619330359582
"qwen","api","large","vllm","kv_peak_pct",NA
"qwen","api","large","vllm","prefix_hit_pct",NA
"qwen","api","large","vllm","EDP_Js",0.0210784269038732
"llama","chat","large","vllm","E_tok_J",0.30378259996564
"llama","chat","large","vllm","E_tok_pint_J",0.196520318956205
"llama","chat","large","vllm","P_gpu_mean_W",0.416185808650082
"llama","chat","large","vllm","window_s",0.131596374543368
"llama","chat","large","vllm","cpu_util_mean_pct",0.12634948540426
"llama","chat","large","vllm","T_gen_tps",0.139436008641583
"llama","chat","large","vllm","ttft_ms_median",0.362138221279596
"llama","chat","large","vllm","tpot_ms_median",0.208760329941526
"llama","chat","large","vllm","e2e_ms_median",0.170941173009918
"llama","chat","large","vllm","kv_peak_pct",NA
"llama","chat","large","vllm","prefix_hit_pct",NA
"llama","chat","large","vllm","EDP_Js",0.569229593829375
"llama","agentic","large","vllm","E_tok_J",0.394067318784945
"llama","agentic","large","vllm","E_tok_pint_J",0.494356492408988
"llama","agentic","large","vllm","P_gpu_mean_W",0.465601859756326
"llama","agentic","large","vllm","window_s",0.730592284006834
"llama","agentic","large","vllm","cpu_util_mean_pct",0.341766313413333
"llama","agentic","large","vllm","T_gen_tps",0.726001539748194
"llama","agentic","large","vllm","ttft_ms_median",0.729268802902816
"llama","agentic","large","vllm","tpot_ms_median",0.904267033685067
"llama","agentic","large","vllm","e2e_ms_median",0.890959972137375
"llama","agentic","large","vllm","kv_peak_pct",NA
"llama","agentic","large","vllm","prefix_hit_pct",NA
"llama","agentic","large","vllm","EDP_Js",0.298490051224827
"qwen","agentic","large","vllm","E_tok_J",0.28943870906364
"qwen","agentic","large","vllm","E_tok_pint_J",0.0129092888662295
"qwen","agentic","large","vllm","P_gpu_mean_W",0.0393260185685027
"qwen","agentic","large","vllm","window_s",0.0522758500444558
"qwen","agentic","large","vllm","cpu_util_mean_pct",0.0384922555914626
"qwen","agentic","large","vllm","T_gen_tps",0.0425274951392787
"qwen","agentic","large","vllm","ttft_ms_median",0.284435829036416
"qwen","agentic","large","vllm","tpot_ms_median",0.00196893391142286
"qwen","agentic","large","vllm","e2e_ms_median",0.00109170724668662
"qwen","agentic","large","vllm","kv_peak_pct",NA
"qwen","agentic","large","vllm","prefix_hit_pct",NA
"qwen","agentic","large","vllm","EDP_Js",0.411943597534436
"llama","api","small","sglang","E_tok_J",0.117181647417331
"llama","api","small","sglang","E_tok_pint_J",0.0253619917934694
"llama","api","small","sglang","P_gpu_mean_W",0.0180525698909217
"llama","api","small","sglang","window_s",0.0164274129936391
"llama","api","small","sglang","cpu_util_mean_pct",0.00133047759228751
"llama","api","small","sglang","T_gen_tps",0.0158807906139717
"llama","api","small","sglang","ttft_ms_median",0.000580556610362343
"llama","api","small","sglang","tpot_ms_median",0.00358792264738513
"llama","api","small","sglang","e2e_ms_median",0.00279400415639844
"llama","api","small","sglang","kv_peak_pct",NA
"llama","api","small","sglang","prefix_hit_pct",NA
"llama","api","small","sglang","EDP_Js",0.807771934339919
"qwen","api","small","sglang","E_tok_J",0.0430421213808917
"qwen","api","small","sglang","E_tok_pint_J",0.702422238720903
"qwen","api","small","sglang","P_gpu_mean_W",0.0694112848616423
"qwen","api","small","sglang","window_s",0.091095876966962
"qwen","api","small","sglang","cpu_util_mean_pct",0.999685009699286
"qwen","api","small","sglang","T_gen_tps",0.0899100584587407
"qwen","api","small","sglang","ttft_ms_median",0.349284722181987
"qwen","api","small","sglang","tpot_ms_median",0.0536156990980529
"qwen","api","small","sglang","e2e_ms_median",0.246988289283569
"qwen","api","small","sglang","kv_peak_pct",NA
"qwen","api","small","sglang","prefix_hit_pct",NA
"qwen","api","small","sglang","EDP_Js",0.0267015807910942
"llama","chat","small","sglang","E_tok_J",0.741474153490957
"llama","chat","small","sglang","E_tok_pint_J",0.207230473312857
"llama","chat","small","sglang","P_gpu_mean_W",0.993217111460125
"llama","chat","small","sglang","window_s",0.00877167554885033
"llama","chat","small","sglang","cpu_util_mean_pct",0.00482887451045147
"llama","chat","small","sglang","T_gen_tps",0.00780814167170278
"llama","chat","small","sglang","ttft_ms_median",0.051733215851353
"llama","chat","small","sglang","tpot_ms_median",0.00685563731307268
"llama","chat","small","sglang","e2e_ms_median",0.0110727382790242
"llama","chat","small","sglang","kv_peak_pct",NA
"llama","chat","small","sglang","prefix_hit_pct",NA
"llama","chat","small","sglang","EDP_Js",0.819912471398738
"llama","agentic","small","sglang","E_tok_J",0.308143380296433
"llama","agentic","small","sglang","E_tok_pint_J",0.0309467615418994
"llama","agentic","small","sglang","P_gpu_mean_W",0.0831078295654837
"llama","agentic","small","sglang","window_s",0.038954196121032
"llama","agentic","small","sglang","cpu_util_mean_pct",0.0377704746423624
"llama","agentic","small","sglang","T_gen_tps",0.0355900792918206
"llama","agentic","small","sglang","ttft_ms_median",0.000819401205892084
"llama","agentic","small","sglang","tpot_ms_median",0.0025293128094831
"llama","agentic","small","sglang","e2e_ms_median",0.00223179854460368
"llama","agentic","small","sglang","kv_peak_pct",NA
"llama","agentic","small","sglang","prefix_hit_pct",NA
"llama","agentic","small","sglang","EDP_Js",0.577450105837478
"qwen","agentic","small","sglang","E_tok_J",0.456620702526146
"qwen","agentic","small","sglang","E_tok_pint_J",0.847505860230421
"qwen","agentic","small","sglang","P_gpu_mean_W",0.550630478003601
"qwen","agentic","small","sglang","window_s",0.903765158803572
"qwen","agentic","small","sglang","cpu_util_mean_pct",0.194834161853036
"qwen","agentic","small","sglang","T_gen_tps",0.899326701391124
"qwen","agentic","small","sglang","ttft_ms_median",0.745625778761368
"qwen","agentic","small","sglang","tpot_ms_median",0.959992958049886
"qwen","agentic","small","sglang","e2e_ms_median",0.743464282701915
"qwen","agentic","small","sglang","kv_peak_pct",NA
"qwen","agentic","small","sglang","prefix_hit_pct",NA
"qwen","agentic","small","sglang","EDP_Js",0.410435143824939
"llama","api","medium","sglang","E_tok_J",0.0383865640459904
"llama","api","medium","sglang","E_tok_pint_J",0.002436843782083
"llama","api","medium","sglang","P_gpu_mean_W",0.0151512523755047
"llama","api","medium","sglang","window_s",0.0122027430933925
"llama","api","medium","sglang","cpu_util_mean_pct",0.164130187446903
"llama","api","medium","sglang","T_gen_tps",0.0107665346572475
"llama","api","medium","sglang","ttft_ms_median",0.000132730018085259
"llama","api","medium","sglang","tpot_ms_median",0.00103855328633587
"llama","api","medium","sglang","e2e_ms_median",4.07678509305272e-05
"llama","api","medium","sglang","kv_peak_pct",NA
"llama","api","medium","sglang","prefix_hit_pct",NA
"llama","api","medium","sglang","EDP_Js",0.062503794231345
"llama","chat","medium","sglang","E_tok_J",0.112373499347862
"llama","chat","medium","sglang","E_tok_pint_J",5.96933258271058e-05
"llama","chat","medium","sglang","P_gpu_mean_W",0.158827826167216
"llama","chat","medium","sglang","window_s",0.268370267210266
"llama","chat","medium","sglang","cpu_util_mean_pct",0.101932272029209
"llama","chat","medium","sglang","T_gen_tps",0.260777213217153
"llama","chat","medium","sglang","ttft_ms_median",0.501826013765546
"llama","chat","medium","sglang","tpot_ms_median",0.106580396666178
"llama","chat","medium","sglang","e2e_ms_median",0.23191568788102
"llama","chat","medium","sglang","kv_peak_pct",NA
"llama","chat","medium","sglang","prefix_hit_pct",NA
"llama","chat","medium","sglang","EDP_Js",0.0762969813220597
"llama","agentic","medium","sglang","E_tok_J",0.606792266460294
"llama","agentic","medium","sglang","E_tok_pint_J",0.0515291674259859
"llama","agentic","medium","sglang","P_gpu_mean_W",0.464313110023163
"llama","agentic","medium","sglang","window_s",0.000397739963043909
"llama","agentic","medium","sglang","cpu_util_mean_pct",0.00389229615747001
"llama","agentic","medium","sglang","T_gen_tps",0.000360540499197785
"llama","agentic","medium","sglang","ttft_ms_median",0.000752218893715544
"llama","agentic","medium","sglang","tpot_ms_median",0.000136027932009406
"llama","agentic","medium","sglang","e2e_ms_median",0.000142805873507731
"llama","agentic","medium","sglang","kv_peak_pct",NA
"llama","agentic","medium","sglang","prefix_hit_pct",NA
"llama","agentic","medium","sglang","EDP_Js",0.553707224233232
"llama","api","large","sglang","E_tok_J",0.154380824373019
"llama","api","large","sglang","E_tok_pint_J",0.0418329709064976
"llama","api","large","sglang","P_gpu_mean_W",0.121566641518439
"llama","api","large","sglang","window_s",0.0140364549423295
"llama","api","large","sglang","cpu_util_mean_pct",0.103478239959519
"llama","api","large","sglang","T_gen_tps",0.0141367519768492
"llama","api","large","sglang","ttft_ms_median",0.084000303179408
"llama","api","large","sglang","tpot_ms_median",0.172026072792098
"llama","api","large","sglang","e2e_ms_median",0.00452552853693461
"llama","api","large","sglang","kv_peak_pct",NA
"llama","api","large","sglang","prefix_hit_pct",NA
"llama","api","large","sglang","EDP_Js",0.391709547566663
"qwen","api","large","sglang","E_tok_J",0.188181113043091
"qwen","api","large","sglang","E_tok_pint_J",0.298596112467178
"qwen","api","large","sglang","P_gpu_mean_W",0.0831087003122804
"qwen","api","large","sglang","window_s",3.87068061243211e-06
"qwen","api","large","sglang","cpu_util_mean_pct",0.121545951141407
"qwen","api","large","sglang","T_gen_tps",3.6917107103136e-06
"qwen","api","large","sglang","ttft_ms_median",0.000221066315201817
"qwen","api","large","sglang","tpot_ms_median",0.000411159208004613
"qwen","api","large","sglang","e2e_ms_median",1.93664558819574e-06
"qwen","api","large","sglang","kv_peak_pct",NA
"qwen","api","large","sglang","prefix_hit_pct",NA
"qwen","api","large","sglang","EDP_Js",0.243566891441975
"llama","chat","large","sglang","E_tok_J",0.00655574184884282
"llama","chat","large","sglang","E_tok_pint_J",0.320973795501676
"llama","chat","large","sglang","P_gpu_mean_W",0.0528227189068264
"llama","chat","large","sglang","window_s",0.042587819860738
"llama","chat","large","sglang","cpu_util_mean_pct",0.015816523305571
"llama","chat","large","sglang","T_gen_tps",0.0432407269880717
"llama","chat","large","sglang","ttft_ms_median",0.557565363402109
"llama","chat","large","sglang","tpot_ms_median",0.206671220488335
"llama","chat","large","sglang","e2e_ms_median",0.012400122815969
"llama","chat","large","sglang","kv_peak_pct",0.543021118205565
"llama","chat","large","sglang","prefix_hit_pct",NA
"llama","chat","large","sglang","EDP_Js",0.0119571842568811
"llama","agentic","large","sglang","E_tok_J",0.133573950706554
"llama","agentic","large","sglang","E_tok_pint_J",0.876628463885934
"llama","agentic","large","sglang","P_gpu_mean_W",0.18675886054352
"llama","agentic","large","sglang","window_s",0.165098097696719
"llama","agentic","large","sglang","cpu_util_mean_pct",0.566638472464484
"llama","agentic","large","sglang","T_gen_tps",0.165109997921068
"llama","agentic","large","sglang","ttft_ms_median",8.20505286014022e-06
"llama","agentic","large","sglang","tpot_ms_median",5.40259817114559e-06
"llama","agentic","large","sglang","e2e_ms_median",0.121374481064243
"llama","agentic","large","sglang","kv_peak_pct",0.00482637582493591
"llama","agentic","large","sglang","prefix_hit_pct",0.00527200832634949
"llama","agentic","large","sglang","EDP_Js",0.115744036562069
"qwen","agentic","large","sglang","E_tok_J",0.329751983157141
"qwen","agentic","large","sglang","E_tok_pint_J",0.977445649727595
"qwen","agentic","large","sglang","P_gpu_mean_W",0.359250899088241
"qwen","agentic","large","sglang","window_s",0.682195753589677
"qwen","agentic","large","sglang","cpu_util_mean_pct",0.393948982857644
"qwen","agentic","large","sglang","T_gen_tps",0.680123609882989
"qwen","agentic","large","sglang","ttft_ms_median",0.0217145954891578
"qwen","agentic","large","sglang","tpot_ms_median",0.00431362463725022
"qwen","agentic","large","sglang","e2e_ms_median",0.613724460790476
"qwen","agentic","large","sglang","kv_peak_pct",0.21912620222997
"qwen","agentic","large","sglang","prefix_hit_pct",0.00206528656115891
"qwen","agentic","large","sglang","EDP_Js",0.342534333691454
