"model","profile","context","metric","n_v","n_s","med_v","med_s","diff_pct","diff_lo","diff_hi","U","p_raw","delta","delta_lo","delta_hi","magnitude","p_holm"
"llama","api","small","E_tok_J",10,10,0.3372935,0.332918,-1.29723816201616,-6.83315680741076,4.20340346790207,37,0.352681374353201,-0.26,-0.625310831773249,0.198779926342522,"small",1
"llama","api","small","E_tok_pint_J",10,10,0.3760455,0.379294,0.863858229921632,0.509207633313546,1.13738022576952,93,0.000487128970101106,0.86,0.312469872037897,0.978601363769583,"large",0.00194851588040443
"llama","api","small","eta_tok_per_J",10,10,2.965375,3.004075,1.30506259747925,-4.03888356723279,6.83275006566197,63,0.352681374353201,0.26,-0.275757766552188,0.672504542225346,"small",1
"llama","api","small","e2e_ms_median",10,10,9467.465,9564.9255,1.02942551147536,0.111627970051331,1.21483698405032,83,0.0114962436943861,0.66,0.0200383705107573,0.916320838842545,"large",0.0344887310831583
"llama","api","small","EDP_Js",10,10,1730859.464,1725069.7485,-0.334499456508164,-5.58587457522313,4.85305783196879,47,0.85342830544069,-0.06,-0.480652432503697,0.383100184886094,"negligible",1
"llama","api","small","ttft_ms_median",10,10,583.4435,878.066,50.4971775330431,48.5873950458595,51.6070165145214,100,1.0825088224469e-05,1,0.973506839065175,1,"large",9.74257940202213e-05
"llama","api","small","tpot_ms_median",10,10,69.928,68.401,-2.18367463676923,-2.95602330487943,-1.50902100822184,6,0.000324752646734071,-0.88,-0.981533831706944,-0.391603206214698,"large",0.00162376323367035
"llama","api","small","kv_peak_pct",10,10,5.841,5.746,-1.62643382982366,-1.62643382982366,-1.62643382982366,0,1.0825088224469e-05,-1,-1,-0.973506839065175,"large",9.74257940202213e-05
"llama","api","small","prefix_hit_pct",10,10,9.409,10.146,7.83292592198959,7.83292592198959,7.83292592198959,100,1.08250882244754e-05,1,0.973506839065175,1,"large",9.74257940202783e-05
"llama","api","small","P_gpu_mean_W",10,10,36.60095,35.6389,-2.62848368689883,-7.11368499516527,3.64685564141634,33,0.217562623135379,-0.34,-0.693570570471563,0.14557671243409,"medium",0.76126350429756
"llama","api","small","window_s",10,10,217.92,219.9125,0.914326358296602,-0.360141303849149,1.17638677593266,74,0.0752560133365087,0.48,-0.15831806422952,0.835363708964835,"large",0.15727770681331
"llama","api","small","cpu_util_mean_pct",10,10,3.493,8.161,133.638705983395,122.401847575058,141.5072122461,100,1.0825088224469e-05,1,0.973506839065175,1,"large",9.74257940202213e-05
"llama","api","small","T_gen_tps",10,10,108.076,107.097,-0.905844035678582,-1.1922053455407,0.361866155796786,26,0.0752560133365087,-0.48,-0.835363708964835,0.15831806422952,"large",0.15727770681331
"llama","api","small","ttft_ms_p90",10,10,821.4055,882.509,7.43889589246725,6.78712339354353,8.18316238172925,100,1.0825088224469e-05,1,0.973506839065175,1,"large",9.74257940202213e-05
"llama","api","small","tpot_ms_p90",10,10,72.423,68.5255,-5.3815776756003,-5.57062945747935,-4.75693865064797,0,1.0825088224469e-05,-1,-1,-0.973506839065175,"large",9.74257940202213e-05
"qwen","api","small","E_tok_J",10,10,0.331949,0.3210025,-3.29764512018413,-6.22343612286048,4.92568639034856,48,0.911797181147026,-0.04,-0.545076432711452,0.486379466626205,"negligible",0.911797181147026
"qwen","api","small","E_tok_pint_J",10,10,0.3564865,0.3576265,0.319787705845798,0.114085100485872,0.834345729192787,84,0.00893069778518695,0.68,0.19033663414367,0.898723556508041,"large",0.0178613955703739
"qwen","api","small","eta_tok_per_J",10,10,3.01263,3.11524,3.40599409818001,-3.93244440903795,6.636640637276,52,0.911797181147026,0.04,-0.364822503224454,0.432103565181194,"negligible",0.911797181147026
"qwen","api","small","e2e_ms_median",10,10,8755.6965,8804.168,0.553599590849219,0.240942485434825,0.870602465429604,95,0.000205676676264912,0.9,0.600137019774953,0.978072906576053,"large",0.000617030028794735
"qwen","api","small","EDP_Js",10,10,1713066.1125,1664465.44,-2.8370576094739,-6.2111656512497,5.74505992110101,51,0.970512459676546,0.02,-0.494645335168989,0.52426056731472,"negligible",0.970512459676546
"qwen","api","small","ttft_ms_median",10,10,589.484,829.6095,40.7348630327541,32.7955385160543,42.4647838933553,100,1.0825088224469e-05,1,0.973506839065175,1,"large",4.33003528978761e-05
"qwen","api","small","tpot_ms_median",10,10,64.288,62.819,-2.28502986560479,-2.6454067671566,-1.4644080819802,10,0.0015046872632012,-0.8,-0.984461505580141,0.223813028813432,"large",0.00300937452640239
"qwen","api","small","kv_peak_pct",10,10,6.114,5.934,-2.94406280667321,-2.94406280667321,-2.94406280667321,0,1.0825088224469e-05,-1,-1,-0.973506839065175,"large",4.33003528978761e-05
"qwen","api","small","prefix_hit_pct",10,10,3.255,5.83,79.1090629800307,79.1090629800307,79.1090629800307,100,1.08250882244754e-05,1,0.973506839065175,1,"large",4.33003528979015e-05
"qwen","api","small","P_gpu_mean_W",10,10,38.85005,37.3909,-3.75585102207074,-6.25894547591186,3.43595787287596,41,0.52884886011821,-0.18,-0.610276307247862,0.33228630945415,"small",0.52884886011821
"qwen","api","small","window_s",10,10,210.0775,211.3165,0.589782342230838,0.207961833909986,0.852577777141472,93,0.000487128970101106,0.86,0.511041281486494,0.965586684243154,"large",0.000974257940202213
"qwen","api","small","cpu_util_mean_pct",10,10,3.4515,7.8415,127.191076343619,122.728559298047,131.850389528233,100,1.0825088224469e-05,1,0.973506839065175,1,"large",4.33003528970133e-05
"qwen","api","small","T_gen_tps",10,10,116.9855,116.2995,-0.586397459514221,-0.840260902928769,-0.206321484829797,7,0.000487128970101106,-0.86,-0.965586684243154,-0.511041281486494,"large",0.000974257940202213
"qwen","api","small","ttft_ms_p90",10,10,818.1185,834.4155,1.99200971497404,0.901956941717552,3.65901132015813,96,0.000129901058693628,0.92,0.566644677253364,0.987525686939422,"large",0.000129901058693628
"qwen","api","small","tpot_ms_p90",10,10,66.879,62.9595,-5.86058403983312,-6.232831721008,-5.28642974237115,0,1.0825088224469e-05,-1,-1,-0.973506839065175,"large",4.33003528978761e-05
"llama","chat","small","E_tok_J",10,10,0.3129935,0.3173435,1.3898052195972,-4.3602673147023,5.97652618926896,61,0.435872177358246,0.22,-0.320289204878148,0.652294145533758,"small",1
"llama","chat","small","E_tok_pint_J",10,10,0.3377355,0.339606,0.553835767930844,0.183799609629154,1.44523840767294,84,0.00893069778518695,0.68,0.132080691689147,0.909629131180529,"large",0.0178613955703739
"llama","chat","small","eta_tok_per_J",10,10,3.19499,3.151165,-1.37167878459713,-5.72839846532038,4.37765983667164,39,0.435872177358246,-0.22,-0.652294145533758,0.320289204878148,"small",1
"llama","chat","small","e2e_ms_median",10,10,9079.132,9158.509,0.874279611751438,-0.388972332762927,2.4760671075396,75,0.0630128385546342,0.5,-0.0393521925555206,0.813734406124432,"large",0.104851804542207
"llama","chat","small","EDP_Js",10,10,1640250.858,1700340.811,3.66346115333049,-3.83318595722274,7.00234571564302,66,0.247450691723138,0.32,-0.245893247804806,0.723204634506521,"small",0.98980276689255
"llama","chat","small","ttft_ms_median",10,10,484.9025,499.7925,3.07072040255516,1.2938693008623,11.3708559724283,90,0.0015046872632012,0.8,0.329602236484253,0.952199938429406,"large",0.0015046872632012
"llama","chat","small","tpot_ms_median",10,10,68.025,68.39,0.536567438441748,-0.56933983163493,2.73151832775218,72,0.105122431747819,0.44,-0.095436939034123,0.777963043141993,"medium",0.210244863495638
"llama","chat","small","kv_peak_pct",10,10,8.81,8.704,-1.20317820658342,-1.20317820658342,-1.20317820658342,0,1.0825088224469e-05,-1,-1,-0.973506839065175,"large",9.74257940202213e-05
"llama","chat","small","prefix_hit_pct",10,10,61.733,62.741,1.632838190271,1.632838190271,1.632838190271,100,1.08250882244754e-05,1,0.973506839065175,1,"large",9.74257940202783e-05
"llama","chat","small","P_gpu_mean_W",10,10,36.23275,35.82555,-1.12384514010114,-5.07185099511173,5.73357928520981,51,0.970512459676546,0.02,-0.48485525807339,0.514857992781066,"negligible",1
"llama","chat","small","window_s",10,10,217.645,219.25,0.737439408210627,-0.376058522391953,2.51894346392099,76,0.0524259022711035,0.52,-0.0224946403944417,0.825925023075233,"large",0.15727770681331
"llama","chat","small","cpu_util_mean_pct",10,10,3.4265,8.05,134.933605720123,114.759535655058,323.689727463312,100,1.0825088224469e-05,1,0.973506839065175,1,"large",9.74257940202213e-05
"llama","chat","small","T_gen_tps",10,10,112.918,112.0915,-0.731947076639694,-2.38960020904103,0.378002899504581,24,0.0524259022711035,-0.52,-0.823555174498722,0.0150868668226484,"large",0.15727770681331
"llama","chat","small","ttft_ms_p90",10,10,533.6145,505.602,-5.2495762390265,-6.86403298671245,-1.28273389457665,20,0.0232306393297105,-0.6,-0.909225551342854,0.135897221349183,"large",0.0232306393297105
"llama","chat","small","tpot_ms_p90",10,10,69.362,69.522,0.23067385600184,-0.955555661819885,1.19988698359239,56,0.68421052631579,0.12,-0.357168661218933,0.547496298456614,"negligible",0.68421052631579
"llama","agentic","small","E_tok_J",10,10,0.2982,0.2892715,-2.99413145539906,-7.46528852476022,5.38638811037955,42,0.578741691744788,-0.16,-0.600070971018621,0.354415591305263,"small",1
"llama","agentic","small","E_tok_pint_J",10,10,0.3242375,0.320924,-1.02193608080497,-1.42228761106007,-0.519842269684212,19,0.0185433761285154,-0.62,-0.906661876506269,0.0583637435919257,"large",0.0185433761285154
"llama","agentic","small","eta_tok_per_J",10,10,3.353465,3.45772,3.10887395574428,-5.31350435341553,8.07637700007893,58,0.578741691744788,0.16,-0.380691102603186,0.619159576303554,"small",1
"llama","agentic","small","e2e_ms_median",10,10,8852.62,8790.3805,-0.703063048001606,-1.294103296,-0.250235384962982,14,0.00519604234774513,-0.72,-0.957104415087259,0.0946520491400401,"large",0.0259802117387257
"llama","agentic","small","EDP_Js",10,10,1533026.3905,1501377.197,-2.06449110701072,-7.83936396110365,4.84197109085005,38,0.393048128342246,-0.24,-0.649820613626332,0.277932335675662,"small",1
"llama","agentic","small","ttft_ms_median",10,10,344.5515,264.304,-23.290422476756,-23.6547591477536,-22.7274452499336,0,1.0825088224469e-05,-1,-1,-0.973506839065175,"large",9.74257940202213e-05
"llama","agentic","small","tpot_ms_median",10,10,66.9855,67.134,0.221689768681288,-0.388059701492549,0.680108877407948,69,0.165493948775683,0.38,-0.19404219423262,0.760185092391919,"medium",0.210244863495638
"llama","agentic","small","kv_peak_pct",10,10,2.969,2.838,-4.41226002020881,-4.41226002020881,-4.41226002020881,0,1.0825088224469e-05,-1,-1,-0.973506839065175,"large",9.74257940202213e-05
"llama","agentic","small","prefix_hit_pct",10,10,76.259,78.003,2.28694318047706,2.28694318047706,2.28694318047706,100,1.08250882244754e-05,1,0.973506839065175,1,"large",9.74257940202783e-05
"llama","agentic","small","P_gpu_mean_W",10,10,34.49845,33.6626,-2.42286247643012,-7.73154454215419,7.26187288484355,44,0.68421052631579,-0.12,-0.573780771985086,0.390151815308171,"negligible",1
"llama","agentic","small","window_s",10,10,212.3885,211.027,-0.641042240987633,-1.19732198317059,-0.227451259126843,14,0.00519604234774513,-0.72,-0.957104415087259,0.0946520491400401,"large",0.0259802117387257
"llama","agentic","small","cpu_util_mean_pct",10,10,3.535,8.0825,128.642149929279,117.005215481746,139.778683750728,100,1.0825088224469e-05,1,0.973506839065175,1,"large",9.74257940202213e-05
"llama","agentic","small","T_gen_tps",10,10,115.7125,116.459,0.645133412552656,0.224245163234138,1.23234794486207,86,0.00519604234774513,0.72,0.381628513230819,0.888198252535771,"large",0.0259802117387257
"llama","agentic","small","ttft_ms_p90",10,10,360.718,267.867,-25.7406062353417,-26.0686262866738,-25.1781227315875,0,1.0825088224469e-05,-1,-1,-0.973506839065175,"large",9.74257940202213e-05
"llama","agentic","small","tpot_ms_p90",10,10,67.894,67.357,-0.790938816390263,-1.21071788842543,-0.41683942427293,10,0.0015046872632012,-0.8,-0.984461505580141,0.223813028813432,"large",0.00300937452640239
"qwen","agentic","small","E_tok_J",10,10,0.2664745,0.2812045,5.52773342289787,0.43531796190559,10.1144762444436,73,0.0892095520578493,0.46,-0.0412681489835578,0.776269479321854,"medium",0.178419104115699
"qwen","agentic","small","E_tok_pint_J",10,10,0.3028095,0.3018885,-0.304151620077953,-0.552914512686342,-0.0458764063424377,20,0.0232306393297105,-0.6,-0.881909261839188,-0.00199995401898399,"large",0.0232306393297105
"qwen","agentic","small","eta_tok_per_J",10,10,3.752735,3.556445,-5.23058515989006,-9.09423688785385,-0.254846636934558,27,0.0892095520578493,-0.46,-0.815513707405453,0.147566369324874,"medium",0.178419104115699
"qwen","agentic","small","e2e_ms_median",10,10,8198.606,8138.062,-0.73846700280511,-0.936328114765628,-0.56197051511554,10,0.0015046872632012,-0.8,-0.984461505580141,0.223813028813432,"large",0.0015046872632012
"qwen","agentic","small","EDP_Js",10,10,1513101.344,1587268.6385,4.90167395555494,-0.235865367891075,9.4282378208254,71,0.123005477494642,0.42,-0.0496797871739964,0.737558838890029,"medium",0.246010954989283
"qwen","agentic","small","ttft_ms_median",10,10,319.715,243.6485,-23.7919709741489,-24.5300553896482,-17.9201557542155,0,1.0825088224469e-05,-1,-1,-0.973506839065175,"large",4.33003528978761e-05
"qwen","agentic","small","tpot_ms_median",10,10,62.0445,62.1515,0.172456865636761,-0.0177227834437077,0.323155154767951,73,0.0892095520578493,0.46,-0.126602035166498,0.808231415550564,"medium",0.0892095520578493
"qwen","agentic","small","kv_peak_pct",10,10,2.969,2.85,-4.008083529808,-4.008083529808,-4.008083529808,0,1.0825088224469e-05,-1,-1,-0.973506839065175,"large",4.33003528978761e-05
"qwen","agentic","small","prefix_hit_pct",10,10,76.262,77.925,2.18064042380215,2.18064042380215,2.18064042380215,100,1.08250882244754e-05,1,0.973506839065175,1,"large",4.33003528979015e-05
"qwen","agentic","small","P_gpu_mean_W",10,10,33.50115,35.3135,5.40981428995722,0.769875098049932,10.2596478031351,76.5,0.0454437203663209,0.53,0.0852926239558644,0.798619747195808,"large",0.0908874407326419
"qwen","agentic","small","window_s",10,10,213.0665,211.5675,-0.703536219912559,-0.864913062862249,-0.412769487855402,10,0.0015046872632012,-0.8,-0.984461505580141,0.223813028813432,"large",0.0015046872632012
"qwen","agentic","small","cpu_util_mean_pct",10,10,3.5,7.9965,128.471428571429,121.106094808126,130.770336303536,100,1.0825088224469e-05,1,0.973506839065175,1,"large",4.33003528970133e-05
"qwen","agentic","small","T_gen_tps",10,10,124.956,125.8415,0.708649444604514,0.418141379292192,0.877757246045152,90,0.0015046872632012,0.8,0.49594209976243,0.929311040479185,"large",0.0015046872632012
"qwen","agentic","small","ttft_ms_p90",10,10,326.7585,248.3625,-23.9920308117463,-24.8540878105456,-20.8752548691539,0,1.0825088224469e-05,-1,-1,-0.973506839065175,"large",4.33003528978761e-05
"qwen","agentic","small","tpot_ms_p90",10,10,62.871,62.264,-0.965468976157513,-1.19102517213415,-0.833068109484414,10,0.0015046872632012,-0.8,-0.984461505580141,0.223813028813432,"large",0.00300937452640239
"llama","api","medium","E_tok_J",10,10,0.576637,0.555411,-3.68099861784796,-9.66949279711885,-0.574208578868007,14,0.00519604234774513,-0.72,-0.93153347290515,-0.144411068099406,"large",0.0311762540864708
"llama","api","medium","E_tok_pint_J",10,10,0.6636945,0.6397475,-3.60813597219806,-4.09080893439833,-3.46404322081305,0,1.0825088224469e-05,-1,-1,-0.973506839065175,"large",9.74257940202213e-05
"llama","api","medium","eta_tok_per_J",10,10,1.734455,1.80047,3.80609470986562,0.672784481299216,10.8844392400174,86,0.00519604234774513,0.72,0.144411068099406,0.93153347290515,"large",0.0311762540864708
"llama","api","medium","e2e_ms_median",10,10,13087.211,12931.582,-1.18916857075202,-1.60311655001205,-0.78586645560168,9,0.0010500335577735,-0.82,-0.987828040180336,0.230006706266414,"large",0.00630020134664098
"llama","api","medium","EDP_Js",10,10,2236676.603,2115875.5165,-5.40091877108978,-11.2314260853392,-1.95314457236527,16,0.00893069778518695,-0.68,-0.920222801003231,-0.0676452317782197,"large",0.0535841867111217
"llama","api","medium","ttft_ms_median",10,10,1479.7545,2655.5895,79.4614917542065,52.3429055292618,80.8944371846109,100,1.0825088224469e-05,1,0.973506839065175,1,"large",9.74257940202213e-05
"llama","api","medium","tpot_ms_median",10,10,91.442,81.2415,-11.155158461101,-11.37223181689,-8.21770910841686,0,1.0825088224469e-05,-1,-1,-0.973506839065175,"large",9.74257940202213e-05
"llama","api","medium","kv_peak_pct",10,10,20.844,20.746,-0.470159278449445,-0.513337171368278,-0.470159278449445,0,1.0825088224469e-05,-1,-1,-0.973506839065175,"large",9.74257940202213e-05
"llama","api","medium","prefix_hit_pct",10,10,2.344,2.508,6.99658703071673,6.99658703071673,6.99658703071673,100,1.08250882244754e-05,1,0.973506839065175,1,"large",9.74257940202783e-05
"llama","api","medium","P_gpu_mean_W",10,10,45.47015,44.21145,-2.7681896804827,-8.54620256090234,0.443073962297169,25,0.0630128385546342,-0.5,-0.809624758713986,0.027319765655647,"large",0.378077031327805
"llama","api","medium","window_s",10,10,222.7005,219.553,-1.41333315371991,-2.15872887577712,-1.00275154844908,9,0.0010500335577735,-0.82,-0.987828040180336,0.230006706266414,"large",0.00630020134664098
"llama","api","medium","cpu_util_mean_pct",10,10,3.1745,7.836,146.842022365727,131.01440392277,151.377890402281,100,1.0825088224469e-05,1,0.973506839065175,1,"large",9.74257940202213e-05
"llama","api","medium","T_gen_tps",10,10,78.1675,79.2885,1.43409984968177,1.03666938858835,2.20615984904211,91,0.0010500335577735,0.82,0.168767921719011,0.972866493632801,"large",0.00630020134664098
"llama","api","medium","ttft_ms_p90",10,10,1491.918,3427.5365,129.740273929264,128.32135625574,130.552351138086,100,1.0825088224469e-05,1,0.973506839065175,1,"large",9.74257940202213e-05
"llama","api","medium","tpot_ms_p90",10,10,97.692,88.108,-9.81042459976252,-10.1923864101514,-9.5707031851054,0,1.0825088224469e-05,-1,-1,-0.973506839065175,"large",9.74257940202213e-05
"llama","chat","medium","E_tok_J",10,10,0.4035,0.3761255,-6.78426270136306,-9.81691100410373,-0.530255177331085,17,0.0114962436943861,-0.66,-0.901714551848268,-0.103933002483898,"large",0.0574812184719305
"llama","chat","medium","E_tok_pint_J",10,10,0.436132,0.4269565,-2.10383553603039,-2.38878158616675,-1.59309268515759,0,1.0825088224469e-05,-1,-1,-0.973506839065175,"large",9.74257940202213e-05
"llama","chat","medium","eta_tok_per_J",10,10,2.47834,2.65882,7.28229379342624,0.0653066115454903,11.0584429722248,83,0.0114962436943861,0.66,0.161415189580535,0.89017906980463,"large",0.0574812184719305
"llama","chat","medium","e2e_ms_median",10,10,10081.3565,10136.6115,0.548090924073552,0.0700947337791469,1.06468185237822,86,0.00519604234774513,0.72,0.216537752418787,0.920953343962425,"large",0.0259802117387257
"llama","chat","medium","EDP_Js",10,10,1762114.2585,1636775.187,-7.11299343362075,-10.071845942449,-0.393287876840931,16,0.00893069778518695,-0.68,-0.913289474359199,-0.110769667760033,"large",0.0535841867111217
"llama","chat","medium","ttft_ms_median",10,10,322.098,527.888,63.8904929555601,63.231362956168,65.0002347234176,100,1.0825088224469e-05,1,0.973506839065175,1,"large",9.74257940202213e-05
"llama","chat","medium","tpot_ms_median",10,10,76.8195,75.1915,-2.11925357493867,-2.4985307915526,-1.43087279966472,6,0.000324752646734071,-0.88,-0.981533831706944,-0.391603206214698,"large",0.00162376323367035
"llama","chat","medium","kv_peak_pct",10,10,23.813,23.702,-0.466131944736059,-0.466131944736059,-0.466131944736059,0,1.0825088224469e-05,-1,-1,-0.973506839065175,"large",9.74257940202213e-05
"llama","chat","medium","prefix_hit_pct",10,10,71.679,71.934,0.355752730925363,0.355752730925363,0.355752730925363,100,1.08250882244754e-05,1,0.973506839065175,1,"large",9.74257940202783e-05
"llama","chat","medium","P_gpu_mean_W",10,10,38.82865,36.359,-6.36038080128978,-9.77755186867447,-0.6058455519388,16,0.00893069778518695,-0.68,-0.912104918653385,-0.117770945709534,"large",0.0803762800666825
"llama","chat","medium","window_s",10,10,212.75,212.352,-0.187074030552292,-0.47200528458522,0.757117659744866,44,0.68421052631579,-0.12,-0.562425790339468,0.375844925861393,"negligible",0.68421052631579
"llama","chat","medium","cpu_util_mean_pct",10,10,3.612,7.9955,121.359357696567,118.63986784141,179.754495159059,100,1.0825088224469e-05,1,0.973506839065175,1,"large",9.74257940202213e-05
"llama","chat","medium","T_gen_tps",10,10,96.2635,96.444,0.187506167966056,-0.870463339311123,0.476319097435041,56,0.68421052631579,0.12,-0.339409645424025,0.533186759978646,"negligible",0.68421052631579
"llama","chat","medium","ttft_ms_p90",10,10,1293.4505,2897.8985,124.044020238888,122.901773109295,125.901487249477,100,1.0825088224469e-05,1,0.973506839065175,1,"large",9.74257940202213e-05
"llama","chat","medium","tpot_ms_p90",10,10,87.58,82.5305,-5.76558575017127,-6.12253742378697,-4.8452513677046,0,1.0825088224469e-05,-1,-1,-0.973506839065175,"large",9.74257940202213e-05
"llama","agentic","medium","E_tok_J",10,10,0.3832505,0.3739005,-2.43965761297116,-7.95005331913178,3.86143613528767,35,0.279861005867198,-0.3,-0.660835283922242,0.173483291293431,"small",1
"llama","agentic","medium","E_tok_pint_J",10,10,0.410337,0.401753,-2.09193906471997,-2.53392818978414,-0.881070300732412,12,0.00287947346770876,-0.76,-0.968568149537933,0.076042754783069,"large",0.00863842040312629
"llama","agentic","medium","eta_tok_per_J",10,10,2.609635,2.675295,2.51606067515191,-3.71141708595728,8.58668284060031,65,0.279861005867198,0.3,-0.241958055683773,0.699280990295584,"small",1
"llama","agentic","medium","e2e_ms_median",10,10,9787.2765,9836.271,0.500593806663185,-1.0946998517897,3.23410008703715,76,0.0524259022711035,0.52,-0.073535503868302,0.841516759177105,"large",0.104851804542207
"llama","agentic","medium","EDP_Js",10,10,1831590.082,1797098.732,-1.88313697147438,-6.77713209734847,4.10236697150286,40,0.48125094719522,-0.2,-0.603130977697125,0.284515677126045,"small",1
"llama","agentic","medium","ttft_ms_median",10,10,757.295,945.587,24.8637585089034,22.922110007911,25.899314934014,100,1.0825088224469e-05,1,0.973506839065175,1,"large",9.74257940202213e-05
"llama","agentic","medium","tpot_ms_median",10,10,70.96,69.983,-1.37683201803833,-2.53870407765614,0.296306899513299,25,0.0630128385546342,-0.5,-0.835485217257684,0.107008298422203,"large",0.189038515663903
"llama","agentic","medium","kv_peak_pct",10,10,8.127,8.003,-1.52577826996433,-1.58730158730159,-1.52577826996433,0,1.0825088224469e-05,-1,-1,-0.973506839065175,"large",9.74257940202213e-05
"llama","agentic","medium","prefix_hit_pct",10,10,75.312,75.729,0.553696622052269,0.553696622052269,0.553696622052269,100,1.08250882244754e-05,1,0.973506839065175,1,"large",9.74257940202783e-05
"llama","agentic","medium","P_gpu_mean_W",10,10,40.59855,39.1465,-3.57660556842547,-9.09008093283725,4.24715144358934,32,0.19031587607439,-0.36,-0.695006620200554,0.103432884926866,"medium",0.76126350429756
"llama","agentic","medium","window_s",10,10,215.1595,216.376,0.565394509654471,-0.133985567907058,2.86817075289185,78.5,0.0304184979107593,0.57,0.0268962861549558,0.853293529464812,"large",0.121673991643037
"llama","agentic","medium","cpu_util_mean_pct",10,10,3.378,7.959,135.612788632327,121.262538084968,372.002362669817,100,1.0825088224469e-05,1,0.973506839065175,1,"large",9.74257940202213e-05
"llama","agentic","medium","T_gen_tps",10,10,104.704,104.115,-0.562538202933982,-2.78828351979405,0.42086682608895,21.5,0.030418497910758,-0.57,-0.854753709753195,-0.0215042038655639,"large",0.121673991643032
"llama","agentic","medium","ttft_ms_p90",10,10,1002.0855,951.8375,-5.01434258853161,-5.88830331887071,-3.96085116163261,12,0.00287947346770876,-0.76,-0.970352718723324,0.105474782095454,"large",0.00575894693541752
"llama","agentic","medium","tpot_ms_p90",10,10,74.66,70.2145,-5.95432627913206,-6.58023728067544,-3.31989930405169,0,1.0825088224469e-05,-1,-1,-0.973506839065175,"large",9.74257940202213e-05
"llama","api","large","E_tok_J",10,10,1.833796,1.6251375,-11.3785012073317,-17.4997589139534,-8.11709393686745,0,1.0825088224469e-05,-1,-1,-0.973506839065175,"large",9.74257940202213e-05
"llama","api","large","E_tok_pint_J",10,10,2.05965,1.757541,-14.6679775690044,-16.3731914608101,-14.1865857425992,0,1.0825088224469e-05,-1,-1,-0.973506839065175,"large",9.74257940202213e-05
"llama","api","large","eta_tok_per_J",10,10,0.54533,0.61559,12.8839418333853,8.77229843820118,21.2101076102405,100,1.0825088224469e-05,1,0.973506839065175,1,"large",9.74257940202213e-05
"llama","api","large","e2e_ms_median",10,10,29521.7745,27270.052,-7.62732775429876,-10.2246003246089,-5.68704870847412,0,1.0825088224469e-05,-1,-1,-0.973506839065175,"large",9.74257940202213e-05
"llama","api","large","EDP_Js",10,10,3539380.1375,2881278.694,-18.5936920571872,-24.6109045603524,-14.9375968081938,0,1.0825088224469e-05,-1,-1,-0.973506839065175,"large",9.74257940202213e-05
"llama","api","large","ttft_ms_median",10,10,3644.815,8238.815,126.042062491512,122.86017309263,132.85123022831,100,1.0825088224469e-05,1,0.973506839065175,1,"large",9.74257940202213e-05
"llama","api","large","tpot_ms_median",10,10,203.7225,148.629,-27.0434046312999,-27.919612444088,-25.4023583778185,0,1.0825088224469e-05,-1,-1,-0.973506839065175,"large",9.74257940202213e-05
"llama","api","large","kv_peak_pct",10,10,80.777,80.735,-0.0519949985763324,-0.0519949985763324,-0.0519949985763324,10,0.000119075970469159,-0.8,-0.970065376179602,-0.103450046995638,"large",0.000119075970469159
"llama","api","large","prefix_hit_pct",10,10,0.586,0.624,6.48464163822526,6.48464163822526,6.48464163822526,100,1.08250882244754e-05,1,0.973506839065175,1,"large",9.74257940202783e-05
"llama","api","large","P_gpu_mean_W",10,10,64.1056,61.0984,-4.69100983377427,-10.8868498737722,0.969395543914042,21,0.0288055597653121,-0.58,-0.856993617118386,-0.0429864783363633,"large",0.230444478122497
"llama","api","large","window_s",10,10,237.046,217.7505,-8.13998126945825,-10.0425929511191,-6.10753757215525,0,1.0825088224469e-05,-1,-1,-0.973506839065175,"large",9.74257940202213e-05
"llama","api","large","cpu_util_mean_pct",10,10,2.7095,6.943,156.246539952021,119.074879220401,195.188866799205,100,1.0825088224469e-05,1,0.973506839065175,1,"large",9.74257940202213e-05
"llama","api","large","T_gen_tps",10,10,34.559,37.6225,8.86455047889119,6.50316185267477,11.1924534853439,100,1.0825088224469e-05,1,0.973506839065175,1,"large",9.74257940182799e-05
"llama","api","large","ttft_ms_p90",10,10,4155.6715,14455.4105,247.847766600416,240.926156285867,255.10038141919,100,1.0825088224469e-05,1,0.973506839065175,1,"large",9.74257940202213e-05
"llama","api","large","tpot_ms_p90",10,10,208.801,197.2035,-5.55433163634274,-7.36654808039866,-2.95344528195726,0,1.0825088224469e-05,-1,-1,-0.973506839065175,"large",9.74257940202213e-05
"qwen","api","large","E_tok_J",10,10,1.654621,1.421758,-14.0734947761451,-19.5052805025148,-6.72149771020988,1,2.16501764489381e-05,-0.98,-0.996821588802666,-0.87952240242849,"large",8.66007057957522e-05
"qwen","api","large","E_tok_pint_J",10,10,1.7638465,1.525964,-13.4865760711037,-14.5846308054584,-13.0442678464918,0,1.0825088224469e-05,-1,-1,-0.973506839065175,"large",4.33003528978761e-05
"qwen","api","large","eta_tok_per_J",10,10,0.60444,0.703425,16.376315267024,7.34520990298402,24.1646148434752,99,2.16501764489381e-05,0.98,0.87952240242849,0.996821588802666,"large",8.66007057957522e-05
"qwen","api","large","e2e_ms_median",10,10,23780.827,22861.915,-3.86408765346973,-4.97371757627458,-3.45774077375365,0,1.0825088224469e-05,-1,-1,-0.973506839065175,"large",4.33003528978761e-05
"qwen","api","large","EDP_Js",10,10,4040398.143,3298172.8195,-18.3701035697659,-23.5942847766551,-11.4015868641612,0,1.0825088224469e-05,-1,-1,-0.973506839065175,"large",4.33003528978761e-05
"qwen","api","large","ttft_ms_median",10,10,3472.09,7376.429,112.44924526726,109.212949816502,113.775670290764,100,1.0825088224469e-05,1,0.973506839065175,1,"large",4.33003528978761e-05
"qwen","api","large","tpot_ms_median",10,10,159.986,121.6745,-23.9467828434988,-24.7736829087311,-23.5838436670022,0,1.0825088224469e-05,-1,-1,-0.973506839065175,"large",4.33003528978761e-05
"qwen","api","large","kv_peak_pct",10,10,81.051,80.924,-0.156691465867165,-0.156691465867165,-0.156691465867165,0,1.0825088224469e-05,-1,-1,-0.973506839065175,"large",4.33003528978761e-05
"qwen","api","large","prefix_hit_pct",10,10,0.195,0.355,82.051282051282,82.051282051282,82.051282051282,100,1.08250882244754e-05,1,0.973506839065175,1,"large",4.33003528979015e-05
"qwen","api","large","P_gpu_mean_W",10,10,70.6558,64.20725,-9.12671005069647,-15.382387184166,-2.58632750821135,11,0.00208924202732252,-0.78,-0.970959767452924,0.0180537896771843,"large",0.00835696810929009
"qwen","api","large","window_s",10,10,238.6635,228.572,-4.22833822515801,-5.26645403984056,-3.80508824309714,0,1.0825088224469e-05,-1,-1,-0.973506839065175,"large",4.33003528978761e-05
"qwen","api","large","cpu_util_mean_pct",10,10,2.715,7.402,172.633517495396,165.766582094962,188.413098236776,100,1.0825088224469e-05,1,0.973506839065175,1,"large",4.33003528970133e-05
"qwen","api","large","T_gen_tps",10,10,42.9055,44.8,4.41551782405518,3.94431554524362,5.56891025641026,100,1.0825088224469e-05,1,0.973506839065175,1,"large",4.33003528978761e-05
"qwen","api","large","ttft_ms_p90",10,10,3490.4025,13009.116,272.711055530129,267.220499617249,275.838533700801,100,1.0825088224469e-05,1,0.973506839065175,1,"large",4.33003528978761e-05
"qwen","api","large","tpot_ms_p90",10,10,166.521,166.132,-0.233604170044621,-1.19477798084308,0.226805243061623,33,0.217562623135379,-0.34,-0.700330080482366,0.158417441103474,"medium",0.217562623135379
"llama","chat","large","E_tok_J",10,10,0.792733,0.724703,-8.58170405420237,-15.6511945941598,-1.25894363556833,8,0.000725280911039425,-0.84,-0.987400210723482,0.0878769782710063,"large",0.00507696637727597
"llama","chat","large","E_tok_pint_J",10,10,0.892211,0.7850645,-12.0090987445795,-12.9633956804385,-11.4804049043552,0,1.0825088224469e-05,-1,-1,-0.973506839065175,"large",9.74257940202213e-05
"llama","chat","large","eta_tok_per_J",10,10,1.261655,1.38285,9.60603334509038,1.25514656178944,18.9167419268227,92,0.000725280911039425,0.84,0.449221514568121,0.960984578518978,"large",0.00507696637727597
"llama","chat","large","e2e_ms_median",10,10,13635.452,13320.4075,-2.31048079667618,-3.72137082423818,-0.329768517102746,6,0.000324752646734071,-0.88,-0.973359680538886,-0.536338915230924,"large",0.0022732685271385
"llama","chat","large","EDP_Js",10,10,3566242.2785,3137447.372,-12.0237177682823,-19.6493574199107,-4.5829490841236,0,1.0825088224469e-05,-1,-1,-0.973506839065175,"large",9.74257940202213e-05
"llama","chat","large","ttft_ms_median",10,10,370.646,611.921,65.095805701397,63.724982767006,69.3596255998531,100,1.0825088224469e-05,1,0.973506839065175,1,"large",9.74257940202213e-05
"llama","chat","large","tpot_ms_median",10,10,104.3065,101.0175,-3.15320713474232,-4.85540210820994,-1.55457435193864,0,1.0825088224469e-05,-1,-1,-0.973506839065175,"large",9.74257940202213e-05
"llama","chat","large","kv_peak_pct",10,10,83.747,83.721,-0.0310458882109121,-0.0507480864986309,-0.0095525809879704,0,1.0825088224469e-05,-1,-1,-0.973506839065175,"large",9.74257940202213e-05
"llama","chat","large","prefix_hit_pct",10,10,74.169,74.232,0.0849411479189488,0.0849411479189488,0.0862894201081321,100,1.08250882244754e-05,1,0.973506839065175,1,"large",9.74257940202783e-05
"llama","chat","large","P_gpu_mean_W",10,10,47.30265,45.0045,-4.85839588268311,-11.8700833317852,1.98098620156459,23,0.0432570525449782,-0.54,-0.832184933907298,-0.0131094995613373,"large",0.302799367814848
"llama","chat","large","window_s",10,10,274.723,264.8675,-3.5874317039345,-5.16278816679666,-2.4489937429405,0,1.0825088224469e-05,-1,-1,-0.973506839065175,"large",9.74257940202213e-05
"llama","chat","large","cpu_util_mean_pct",10,10,1.545,7.449,382.135922330097,249.537572254335,451.512027491409,100,1.08250882244754e-05,1,0.973506839065175,1,"large",9.74257940202213e-05
"llama","chat","large","T_gen_tps",10,10,59.6385,61.8605,3.72578116485156,2.51030630419693,5.38892096081927,100,1.0825088224469e-05,1,0.973506839065175,1,"large",9.74257940182799e-05
"llama","chat","large","ttft_ms_p90",10,10,3371.8415,9056.3645,168.588084582268,159.612209393168,171.239435984639,100,1.0825088224469e-05,1,0.973506839065175,1,"large",9.74257940202213e-05
"llama","chat","large","tpot_ms_p90",10,10,177.6785,151.682,-14.6312018617897,-16.8178655906498,-14.1737839470282,0,1.0825088224469e-05,-1,-1,-0.973506839065175,"large",9.74257940202213e-05
"llama","agentic","large","E_tok_J",10,10,0.7861675,0.685624,-12.7890684873135,-20.1659874124178,-6.23072741839503,0,1.0825088224469e-05,-1,-1,-0.973506839065175,"large",9.74257940202213e-05
"llama","agentic","large","E_tok_pint_J",10,10,0.8754405,0.7558835,-13.6567819286405,-13.9325874788997,-13.4796646461439,0,1.0825088224469e-05,-1,-1,-0.973506839065175,"large",9.74257940202213e-05
"llama","agentic","large","eta_tok_per_J",10,10,1.27219,1.459205,14.7002413161556,6.76468427219608,25.0883276091565,100,1.0825088224469e-05,1,0.973506839065175,1,"large",9.74257940202213e-05
"llama","agentic","large","e2e_ms_median",10,10,15831.219,14353.057,-9.33700683440738,-9.71789759792055,-8.93864027864065,0,1.0825088224469e-05,-1,-1,-0.973506839065175,"large",9.74257940202213e-05
"llama","agentic","large","EDP_Js",10,10,2865343.8095,2268950.0185,-20.8140394539275,-27.6900841017859,-14.9562893023318,0,1.0825088224469e-05,-1,-1,-0.973506839065175,"large",9.74257940202213e-05
"llama","agentic","large","ttft_ms_median",10,10,1933.99,3119.696,61.3087968396941,60.6140704306757,63.9377708581448,100,1.0825088224469e-05,1,0.973506839065175,1,"large",9.74257940202213e-05
"llama","agentic","large","tpot_ms_median",10,10,109.2825,88.5905,-18.9344131036534,-19.1897157282406,-18.7324692467047,0,1.0825088224469e-05,-1,-1,-0.973506839065175,"large",9.74257940202213e-05
"llama","agentic","large","kv_peak_pct",10,10,28.756,28.656,-0.347753512310478,-0.368618723049108,-0.344275977187369,0,1.0825088224469e-05,-1,-1,-0.973506839065175,"large",9.74257940202213e-05
"llama","agentic","large","prefix_hit_pct",10,10,75.028,75.126,0.130617902649677,0.129951484779012,0.131950738391007,100,1.08250882249195e-05,1,0.973506839065175,1,"large",9.74257940202783e-05
"llama","agentic","large","P_gpu_mean_W",10,10,50.8905,48.87985,-3.95093386781422,-11.6271068520045,3.48879038539631,27,0.0892095520578493,-0.46,-0.77760241130581,0.0446247955168504,"medium",0.446047760289246
"llama","agentic","large","window_s",10,10,237.589,215.2205,-9.41478772165378,-9.7357932143871,-9.05055200464846,0,1.0825088224469e-05,-1,-1,-0.973506839065175,"large",9.74257940202213e-05
"llama","agentic","large","cpu_util_mean_pct",10,10,3.0525,7.637,150.18837018837,140.535433070866,154.942871336314,100,1.0825088224469e-05,1,0.973506839065175,1,"large",9.74257940202213e-05
"llama","agentic","large","T_gen_tps",10,10,64.6495,71.3685,10.3929651428085,9.96573915459051,10.7853305881078,100,1.08250882242533e-05,1,0.973506839065175,1,"large",9.74257940182799e-05
"llama","agentic","large","ttft_ms_p90",10,10,2448.603,4089.632,67.0189900118557,65.2365296412628,68.3403301262664,100,1.0825088224469e-05,1,0.973506839065175,1,"large",9.74257940202213e-05
"llama","agentic","large","tpot_ms_p90",10,10,116.5895,103.8005,-10.9692553789149,-13.2509106468477,-10.5645192427317,0,1.0825088224469e-05,-1,-1,-0.973506839065175,"large",9.74257940202213e-05
"qwen","agentic","large","E_tok_J",10,10,0.665216,0.6057095,-8.94544027804502,-11.0391971492982,-5.12037228493726,4,0.000129901058693628,-0.92,-0.983841835023274,-0.648595957320257,"large",0.000389703176080885
"qwen","agentic","large","E_tok_pint_J",10,10,0.7177865,0.6454135,-10.082803173367,-10.4202623074142,-9.31207032309208,0,1.0825088224469e-05,-1,-1,-0.973506839065175,"large",4.33003528978761e-05
"qwen","agentic","large","eta_tok_per_J",10,10,1.503275,1.651115,9.83452794731503,5.45303004659152,12.3911249811718,95.5,0.000151551235142655,0.91,0.62710118380745,0.980809576114587,"large",0.000454653705427965
"qwen","agentic","large","e2e_ms_median",10,10,12505.3025,12131.5495,-2.98875616963283,-3.44529350963227,-2.62496018495402,5,0.000205676676264912,-0.9,-0.997442216264457,0.367735380380883,"large",0.000617030028794735
"qwen","agentic","large","EDP_Js",10,10,2754097.5595,2437886.647,-11.4814709961621,-13.765533530486,-6.81722939316236,1,2.16501764489381e-05,-0.98,-0.996821588802666,-0.87952240242849,"large",6.49505293468142e-05
"qwen","agentic","large","ttft_ms_median",10,10,1587.8405,2686.1485,69.1699197746877,66.3749274767926,72.4061528511318,100,1.0825088224469e-05,1,0.973506839065175,1,"large",4.33003528978761e-05
"qwen","agentic","large","tpot_ms_median",10,10,86.2025,74.362,-13.7356805197065,-14.1747505583223,-13.3686682285639,0,1.0825088224469e-05,-1,-1,-0.973506839065175,"large",4.33003528978761e-05
"qwen","agentic","large","kv_peak_pct",10,10,28.756,28.671,-0.295590485463904,-0.316455696202533,-0.279941577409937,0,1.0825088224469e-05,-1,-1,-0.973506839065175,"large",4.33003528978761e-05
"qwen","agentic","large","prefix_hit_pct",10,10,75.038,75.134,0.127935179509064,0.125936192329212,0.127935179509064,100,1.08250882246974e-05,1,0.973506839065175,1,"large",4.33003528979015e-05
"qwen","agentic","large","P_gpu_mean_W",10,10,54.46535,51.0936,-6.19063312730022,-8.22425956156717,-2.64619060028731,17,0.0114962436943861,-0.66,-0.90996867750034,-0.058219110369741,"large",0.0344887310831583
"qwen","agentic","large","window_s",10,10,225.4135,218.5055,-3.06459018647951,-3.55208545359611,-2.6960093959802,0,1.0825088224469e-05,-1,-1,-0.973506839065175,"large",4.33003528978761e-05
"qwen","agentic","large","cpu_util_mean_pct",10,10,3.018,7.631,152.84956925116,139.359894864058,158.524808524809,100,1.08250882242533e-05,1,0.973506839065175,1,"large",4.33003528970133e-05
"qwen","agentic","large","T_gen_tps",10,10,81.7695,84.355,3.16193690801583,2.77000219068715,3.68631393125092,100,1.0825088224469e-05,1,0.973506839065175,1,"large",4.33003528978761e-05
"qwen","agentic","large","ttft_ms_p90",10,10,2009.72,3574.987,77.8848297275242,76.0574340820312,78.8686075263497,100,1.0825088224469e-05,1,0.973506839065175,1,"large",4.33003528978761e-05
"qwen","agentic","large","tpot_ms_p90",10,10,92.454,84.6895,-8.39823047136954,-9.14976292411158,-7.09673884456913,0,1.0825088224469e-05,-1,-1,-0.973506839065175,"large",4.33003528978761e-05
