"model","profile","context","engine","rho_window_start","p_window_start","rho_before_run","p_before_run","p_window_start_holm","p_before_run_holm"
"llama","api","small","vllm",0.0348155311911396,0.923933272309832,0.113960576459638,0.753923605977702,1,1
"qwen","api","small","vllm",0.174077655955698,0.630536075556976,0.174077655955698,0.630536075556976,1,1
"llama","chat","small","vllm",-0.337349542469993,0.340451133918243,0.113960576459638,0.753923605977702,1,1
"llama","agentic","small","vllm",0.0554833585717653,0.87900308883874,0,1,1,1
"qwen","agentic","small","vllm",0.0870388279778489,0.811038424058712,0.265908011739155,0.457739204290229,1,1
"llama","api","medium","vllm",-0.14213381090374,0.695287685401266,0.435194139889245,0.208748630087588,1,1
"llama","chat","medium","vllm",-0.355334527259351,0.313637364075454,-0.0348155311911396,0.923933272309831,1,1
"llama","agentic","medium","vllm",0.174077655955698,0.630536075556976,0.174077655955698,0.630536075556976,1,1
"llama","api","large","vllm",-0.348155311911396,0.324204183553433,0.14213381090374,0.695287685401265,1,1
"qwen","api","large","vllm",0.493829164658431,0.146878422802016,0.522232967867094,0.121502918817113,1,1
"llama","chat","large","vllm",0.522232967867094,0.121502918817113,0.174077655955698,0.630536075556976,1,1
"llama","agentic","large","vllm",NA,NA,0.426401432711221,0.219138360522873,NA,1
"qwen","agentic","large","vllm",-0.174077655955698,0.630536075556976,-0.355334527259351,0.313637364075454,1,1
"llama","api","small","sglang",0.314626602482846,0.375932578311614,-0.174077655955698,0.630536075556976,1,1
"qwen","api","small","sglang",NA,NA,NA,NA,NA,NA
"llama","chat","small","sglang",0.0986927542439654,0.786200167904119,-0.189934294099397,0.599185593551064,1,1
"llama","agentic","small","sglang",-0.157313301241423,0.66426761783351,-0.348155311911396,0.324204183553433,1,1
"qwen","agentic","small","sglang",-0.355334527259351,0.313637364075454,-0.189934294099397,0.599185593551064,1,1
"llama","api","medium","sglang",0.348155311911396,0.324204183553433,0.058025885318566,0.873494892371295,1,1
"llama","chat","medium","sglang",0.426401432711221,0.219138360522873,0.348155311911396,0.324204183553433,1,1
"llama","agentic","medium","sglang",0.557272224167801,0.09421622090057,0.426695401331256,0.218786314979823,1,1
"llama","api","large","sglang",0.0870388279778489,0.811038424058712,-0.348155311911396,0.324204183553433,1,1
"qwen","api","large","sglang",-0.058025885318566,0.873494892371295,-0.14213381090374,0.695287685401266,1,1
"llama","chat","large","sglang",0.29012942659283,0.41612025350706,0.568535243614961,0.0863611860661801,1,1
"llama","agentic","large","sglang",-0.341881729378914,0.333587001752103,0.174077655955698,0.630536075556976,1,1
"qwen","agentic","large","sglang",0.10403129732206,0.774878447858699,0.113960576459638,0.753923605977702,1,1
