__run_id,__done,model,engine,profile,context,valid,invalid_reason,n_requests,n_errors,n_output_tokens,n_input_tokens,input_tokens_mean,input_dev_pct,window_s,E_gpu_J,E_gpu_eb_J,E_total_J,E_req_J,E_tok_J,eta_tok_per_J,P_gpu_mean_W,EDP_Js,T_req_rps,T_gen_tps,ttft_ms_median,tpot_ms_median,e2e_ms_median,ttft_ms_p90,tpot_ms_p90,kv_peak_pct,prefix_hit_pct,preemptions,gpu_temp_start_C,gpu_temp_max_C,sm_clock_mean_MHz,gpu_util_mean_pct,cpu_util_mean_pct,engine_start_s,contaminated
run_16_repetition_0,DONE,llama,sglang,agentic,medium,1,,176,0,22528,360442,2047.97,-0.001,210.967,8182.4905,4078.1133,8182.4905,46.49142,0.363214,2.7532,38.7856,1726239.417,0.83425,106.784,921.94,67.278,9476.908,946.785,69.388,8.003,75.729,0.0,53.0,75.0,2479.555,95.495,6.777,182.13,0
run_17_repetition_0,DONE,llama,sglang,agentic,large,1,,120,0,15360,983039,8191.99,-0.0,214.379,11318.3639,11617.855,11318.3639,94.3197,0.736873,1.35709,52.7961,2426416.556,0.55976,71.649,3119.249,88.155,14275.854,4082.121,100.401,28.658,75.125,0.0,56.0,79.0,2451.905,95.524,7.6,173.13,0
run_5_repetition_0,DONE,llama,vllm,chat,large,1,,128,0,16384,1048585,8192.07,0.001,275.665,12495.7794,5589.5276,12495.7794,97.62328,0.762682,1.31116,45.3296,3444646.484,0.46433,59.435,371.976,104.249,13634.175,3477.612,180.53,83.747,74.169,0.0,51.0,79.0,2471.437,95.617,1.896,141.13,0
run_6_repetition_0,DONE,llama,vllm,agentic,small,1,,192,0,24576,98296,511.96,-0.008,211.29,6888.5004,7942.4675,6888.5004,35.87761,0.280294,3.56769,32.6022,1455468.286,0.90871,116.314,348.13,66.542,8803.554,367.494,67.532,2.969,76.259,0.0,50.0,71.0,2493.906,95.642,3.413,114.09,0
run_8_repetition_0,DONE,llama,vllm,agentic,large,1,,120,0,15360,983039,8191.99,-0.0,237.612,12226.1465,13428.3853,12226.1465,101.88455,0.795973,1.25632,51.4542,2905083.759,0.50502,64.643,1941.551,109.233,15834.036,2462.088,116.559,28.756,75.028,0.0,51.0,78.0,2468.535,95.556,3.179,141.09,0
run_13_repetition_0,DONE,llama,sglang,chat,medium,1,,160,0,20480,327682,2048.01,0.0,211.134,7883.2487,8736.7087,7883.2487,49.2703,0.384924,2.59791,37.3377,1664418.756,0.75781,97.0,527.153,74.674,10062.981,2909.109,82.064,23.702,71.934,0.0,55.0,77.0,2477.656,95.486,7.901,172.12,0
run_14_repetition_0,DONE,llama,sglang,chat,large,1,,128,0,16384,1048585,8192.07,0.001,266.731,12605.3497,12901.6302,12605.3497,98.47929,0.769369,1.29977,47.2587,3362236.602,0.47988,61.425,630.065,101.746,13470.177,9058.257,151.546,83.685,74.233,0.0,55.0,79.0,2455.689,95.629,8.148,160.14,0
run_0_repetition_0,DONE,llama,vllm,api,small,1,,184,0,23552,94204,511.98,-0.004,216.683,7700.7423,8821.3019,7700.7423,41.85186,0.326968,3.05841,35.5392,1668618.846,0.84917,108.693,583.473,69.449,9407.905,825.785,71.964,5.841,9.409,0.0,50.0,74.0,2486.582,95.559,3.371,142.08,0
run_19_repetition_0,DONE,qwen,vllm,api,large,1,,80,0,10240,655360,8192.0,0.0,242.005,17126.6089,18235.2149,17126.6089,214.08261,1.67252,0.5979,70.7696,4144725.883,0.33057,42.313,3550.093,162.079,24128.647,3571.212,168.523,81.051,0.195,0.0,55.0,84.0,2439.214,95.564,2.955,131.08,0
run_4_repetition_0,DONE,llama,vllm,chat,medium,1,,160,0,20480,327682,2048.01,0.0,211.774,8625.4508,8931.4611,8625.4508,53.90907,0.421165,2.37437,40.7295,1826647.458,0.75552,96.707,329.126,76.352,10026.23,1313.279,87.308,23.813,71.679,0.0,51.0,72.0,2489.265,95.501,3.472,136.08,0
run_25_repetition_0,DONE,qwen,sglang,agentic,large,1,,144,0,18432,1179648,8192.0,0.0,217.651,11312.5569,11900.4628,11312.5569,78.55942,0.613745,1.62934,51.9756,2462191.886,0.66161,84.686,2650.788,73.919,12104.846,3552.867,84.33,28.661,75.134,0.0,56.0,79.0,2448.216,95.497,7.503,151.11,0
run_23_repetition_0,DONE,qwen,sglang,api,large,1,,80,0,10240,655360,8192.0,0.0,228.346,13479.9603,15762.461,13479.9603,168.4995,1.316402,0.75965,59.0332,3078088.874,0.35035,44.844,7404.166,121.386,22846.456,13082.998,166.047,80.983,0.355,0.0,57.0,83.0,2409.599,95.52,7.156,162.13,0
run_18_repetition_0,DONE,qwen,vllm,api,small,1,,192,0,24576,98304,512.0,0.0,209.394,7690.156,8757.3495,7690.156,40.0529,0.312913,3.19577,36.7257,1610274.484,0.91693,117.367,594.122,63.966,8722.069,833.465,66.631,6.114,3.255,0.0,50.0,76.0,2484.336,95.496,3.484,125.08,0
run_20_repetition_0,DONE,qwen,vllm,agentic,small,1,,208,0,26624,106496,512.0,0.0,207.749,6986.4155,3179.0809,6986.4155,33.58854,0.26241,3.81082,33.6292,1451418.592,1.00121,128.155,260.703,60.856,8030.724,314.377,61.916,2.969,76.262,0.0,49.0,71.0,2494.022,95.492,3.393,126.08,0
run_1_repetition_0,DONE,llama,vllm,api,medium,1,,136,0,17408,278526,2047.99,-0.0,222.625,9900.8049,11550.8908,9900.8049,72.80004,0.56875,1.75824,44.473,2204169.693,0.61089,78.194,1492.439,91.29,13078.267,1506.191,97.664,20.844,2.344,0.0,51.0,77.0,2473.807,95.535,3.188,138.08,0
run_9_repetition_0,DONE,llama,sglang,api,small,1,,184,0,23552,94204,511.98,-0.004,218.724,8335.7397,8909.0707,8335.7397,45.30293,0.353929,2.82542,38.1107,1823229.098,0.84124,107.679,879.176,67.943,9508.257,883.323,68.042,5.746,10.146,0.0,54.0,74.0,2481.561,95.508,8.269,179.15,0
run_22_repetition_0,DONE,qwen,sglang,api,small,1,,192,0,24576,98304,512.0,0.0,210.355,8094.8122,8790.0008,8094.8122,42.16048,0.329379,3.03602,38.4816,1702785.718,0.91274,116.831,832.909,62.481,8766.438,836.662,62.572,5.934,5.83,0.0,54.0,76.0,2479.362,95.607,7.793,156.1,0
run_11_repetition_0,DONE,llama,sglang,api,large,1,,64,0,8192,524286,8191.97,-0.0,216.402,12474.7847,8548.698,12474.7847,194.91851,1.522801,0.65668,57.6465,2699563.1,0.29575,37.856,8203.036,147.945,27135.078,14320.363,194.742,80.735,0.624,0.0,58.0,84.0,2416.933,95.498,6.657,168.12,0
run_12_repetition_0,DONE,llama,sglang,chat,small,1,,192,0,24576,98308,512.02,0.004,218.381,7796.6838,8375.9501,7796.6838,40.60773,0.317248,3.15211,35.7021,1702650.806,0.8792,112.537,500.656,68.186,9122.686,507.603,69.155,8.704,62.741,0.0,55.0,71.0,2485.486,95.503,8.045,162.12,0
run_24_repetition_0,DONE,qwen,sglang,agentic,small,1,,208,0,26624,106496,512.0,0.0,210.739,7598.899,8027.5173,7598.899,36.53317,0.285415,3.50367,36.0583,1601387.541,0.987,126.336,244.509,61.888,8106.036,247.889,62.015,2.85,77.925,0.0,54.0,71.0,2489.317,95.542,7.769,161.1,0
run_21_repetition_0,DONE,qwen,vllm,agentic,large,1,,144,0,18432,1179648,8192.0,0.0,225.053,12714.2271,13204.6357,12714.2271,88.29324,0.689791,1.44971,56.4943,2861376.298,0.63985,81.901,1591.297,86.042,12478.621,2011.085,92.386,28.756,75.038,0.0,51.0,79.0,2464.404,95.573,3.003,105.09,0
run_2_repetition_0,DONE,llama,vllm,api,large,1,,64,0,8192,524286,8191.97,-0.0,235.86,15343.5288,16855.4159,15343.5288,239.74264,1.872989,0.53391,65.0535,3618928.157,0.27135,34.732,3624.585,202.711,29373.673,4135.305,208.384,80.777,0.586,0.0,53.0,83.0,2451.404,95.593,2.838,114.1,0
run_3_repetition_0,DONE,llama,vllm,chat,small,1,,192,0,24576,98308,512.02,0.004,212.095,7716.7581,1008.4651,7716.7581,40.19145,0.313996,3.18476,36.3835,1636684.666,0.90526,115.873,476.911,66.072,8902.712,530.707,68.013,8.81,61.733,0.0,51.0,72.0,2492.007,95.502,1.528,125.09,0
run_10_repetition_0,DONE,llama,sglang,api,medium,1,,136,0,17408,278526,2047.99,-0.0,217.74,9684.1719,9372.8334,9684.1719,71.20715,0.556306,1.79757,44.4758,2108635.139,0.6246,79.948,2254.301,83.878,12862.453,3428.145,87.501,20.737,2.508,0.0,56.0,78.0,2457.903,95.501,7.538,177.11,0
run_15_repetition_0,DONE,llama,sglang,agentic,small,1,,192,0,24576,98296,511.96,-0.008,209.874,7552.2378,7861.0124,7552.2378,39.33457,0.307301,3.25413,35.9846,1585018.064,0.91483,117.099,264.368,66.74,8738.068,267.513,66.921,2.838,78.003,0.0,54.0,72.0,2490.87,95.525,7.795,183.14,0
run_7_repetition_0,DONE,llama,vllm,agentic,medium,1,,176,0,22528,360442,2047.97,-0.001,214.868,8989.2935,9221.9574,8989.2935,51.07553,0.399028,2.50609,41.8364,1931511.348,0.81911,104.846,771.132,70.911,9767.311,892.455,74.549,8.127,75.312,0.0,50.0,74.0,2483.236,95.509,3.465,137.08,0
run_5_repetition_1,DONE,llama,vllm,chat,large,1,,128,0,16384,1048585,8192.07,0.001,275.249,12826.3977,3122.7788,12826.3977,100.20623,0.782861,1.27737,46.5993,3530451.713,0.46503,59.524,372.334,104.624,13684.03,3373.365,177.917,83.747,74.169,0.0,51.0,78.0,2471.773,95.651,1.607,133.1,0
run_10_repetition_1,DONE,llama,sglang,api,medium,1,,136,0,17408,278526,2047.99,-0.0,219.099,9793.5487,10025.3591,9793.5487,72.01139,0.562589,1.7775,44.6992,2145754.446,0.62072,79.453,2660.599,80.794,12885.01,3429.545,87.76,20.746,2.508,0.0,55.0,78.0,2455.747,95.553,8.616,179.11,0
run_15_repetition_1,DONE,llama,sglang,agentic,small,1,,192,0,24576,98296,511.96,-0.008,209.501,6685.2582,7858.2092,6685.2582,34.81905,0.272024,3.67615,31.9104,1400566.073,0.91646,117.308,262.925,66.639,8727.429,266.976,66.758,2.838,78.003,0.0,54.0,72.0,2489.445,95.486,7.784,170.11,0
run_1_repetition_1,DONE,llama,vllm,api,medium,1,,136,0,17408,278526,2047.99,-0.0,221.757,9894.243,11513.6636,9894.243,72.75179,0.568373,1.75941,44.6175,2194116.039,0.61328,78.5,1479.21,90.943,13022.601,1491.729,97.267,20.844,2.344,0.0,51.0,76.0,2473.101,95.524,3.111,142.08,0
run_23_repetition_1,DONE,qwen,sglang,api,large,1,,80,0,10240,655360,8192.0,0.0,228.683,14953.5628,15607.5456,14953.5628,186.91954,1.460309,0.68479,65.3901,3419618.283,0.34983,44.778,7401.03,121.679,22888.567,13047.491,166.232,80.924,0.355,0.0,57.0,84.0,2404.906,95.512,7.438,162.11,0
run_8_repetition_1,DONE,llama,vllm,agentic,large,1,,120,0,15360,983039,8191.99,-0.0,236.099,13131.8392,13424.7477,13131.8392,109.43199,0.854937,1.16968,55.6201,3100409.505,0.50826,65.058,1917.808,108.66,15725.287,2428.017,115.961,28.756,75.028,0.0,51.0,79.0,2468.262,95.553,3.029,137.12,0
run_7_repetition_1,DONE,llama,vllm,agentic,medium,1,,176,0,22528,360442,2047.97,-0.001,209.816,8834.6644,206.5816,8834.6644,50.19696,0.392164,2.54996,42.1068,1853652.674,0.83883,107.37,765.462,69.86,9508.261,997.133,72.664,8.127,75.312,0.0,51.0,74.0,2483.557,95.497,1.53,137.09,0
run_24_repetition_1,DONE,qwen,sglang,agentic,small,1,,208,0,26624,106496,512.0,0.0,210.955,7851.6429,8048.0242,7851.6429,37.74828,0.294908,3.39088,37.2195,1656344.415,0.98599,126.207,243.62,61.969,8110.378,245.758,62.1,2.85,77.925,0.0,53.0,72.0,2488.957,95.618,8.103,156.11,0
run_22_repetition_1,DONE,qwen,sglang,api,small,1,,192,0,24576,98304,512.0,0.0,210.537,7884.5744,8784.4452,7884.5744,41.06549,0.320824,3.11697,37.4498,1659994.472,0.91195,116.73,829.093,62.596,8778.9,831.652,62.682,5.934,5.83,0.0,54.0,76.0,2479.238,95.665,7.883,151.13,0
run_12_repetition_1,DONE,llama,sglang,chat,small,1,,192,0,24576,98308,512.02,0.004,217.761,7578.0637,8339.5215,7578.0637,39.46908,0.308352,3.24304,34.7999,1650208.787,0.8817,112.858,495.822,68.002,9090.729,501.052,69.085,8.704,62.741,0.0,54.0,72.0,2488.73,95.506,7.77,158.12,0
run_20_repetition_1,DONE,qwen,vllm,agentic,small,1,,208,0,26624,106496,512.0,0.0,213.075,6923.8325,8080.8326,6923.8325,33.28766,0.26006,3.84527,32.4948,1475296.973,0.97618,124.951,323.043,62.006,8199.152,330.507,62.926,2.969,76.262,0.0,49.0,71.0,2493.13,95.504,3.521,121.09,0
run_11_repetition_1,DONE,llama,sglang,api,large,1,,64,0,8192,524286,8191.97,-0.0,219.254,13621.7985,14469.0154,13621.7985,212.8406,1.662817,0.60139,62.1279,2986635.181,0.2919,37.363,8280.631,150.482,27414.492,14590.458,200.262,80.735,0.624,0.0,58.0,83.0,2418.673,95.496,7.481,161.11,0
run_14_repetition_1,DONE,llama,sglang,chat,large,1,,128,0,16384,1048585,8192.07,0.001,267.965,12424.3642,13005.0589,12424.3642,97.06535,0.758323,1.3187,46.3656,3329299.288,0.47767,61.142,628.448,101.93,13506.844,9116.179,152.172,83.707,74.233,0.0,55.0,79.0,2458.553,95.587,8.155,173.14,0
run_21_repetition_1,DONE,qwen,vllm,agentic,large,1,,144,0,18432,1179648,8192.0,0.0,225.961,12097.2006,13251.9705,12097.2006,84.00834,0.656315,1.52366,53.5368,2733490.743,0.63728,81.572,1599.488,86.282,12552.391,2022.453,91.682,28.756,75.038,0.0,52.0,79.0,2463.892,95.533,3.061,119.09,0
run_0_repetition_1,DONE,llama,vllm,api,small,1,,184,0,23552,94204,511.98,-0.004,217.573,8056.5681,8853.101,8056.5681,43.7857,0.342076,2.92333,37.0293,1752889.098,0.84569,108.249,586.801,69.733,9457.627,830.027,72.3,5.841,9.409,0.0,49.0,73.0,2485.733,95.515,3.569,115.1,0
run_17_repetition_1,DONE,llama,sglang,agentic,large,1,,120,0,15360,983039,8191.99,-0.0,215.152,10304.1258,11615.2536,10304.1258,85.86772,0.670842,1.49067,47.8923,2216953.34,0.55775,71.391,3119.322,88.633,14342.439,4108.481,104.122,28.656,75.126,0.0,56.0,79.0,2451.405,95.554,7.707,157.13,0
run_18_repetition_1,DONE,qwen,vllm,api,small,1,,192,0,24576,98304,512.0,0.0,209.541,8507.1924,8743.1545,8507.1924,44.30829,0.346159,2.88885,40.5992,1782604.672,0.91629,117.285,655.357,63.577,8728.783,791.281,66.315,6.114,3.255,0.0,50.0,73.0,2485.866,95.496,3.58,119.09,0
run_3_repetition_1,DONE,llama,vllm,chat,small,1,,192,0,24576,98308,512.02,0.004,218.625,8076.3713,8326.8611,8076.3713,42.06443,0.328628,3.04295,36.9417,1765695.29,0.87822,112.412,494.513,68.183,9142.285,543.598,69.346,8.81,61.733,0.0,49.0,71.0,2492.539,95.517,3.618,136.09,0
run_13_repetition_1,DONE,llama,sglang,chat,medium,1,,160,0,20480,327682,2048.01,0.0,212.307,8480.6204,8739.9903,8480.6204,53.00388,0.414093,2.41492,39.9451,1800496.152,0.75363,96.464,528.495,75.111,10154.435,2894.82,82.543,23.702,71.934,0.0,55.0,76.0,2477.577,95.578,8.12,156.12,0
run_19_repetition_1,DONE,qwen,vllm,api,large,1,,80,0,10240,655360,8192.0,0.0,241.142,16434.8447,18220.5816,16434.8447,205.43556,1.604965,0.62307,68.1542,3963134.949,0.33175,42.465,3526.714,161.635,24050.101,3541.471,167.981,81.051,0.195,0.0,54.0,84.0,2439.207,95.602,2.588,128.08,0
run_6_repetition_1,DONE,llama,vllm,agentic,small,1,,192,0,24576,98296,511.96,-0.008,211.823,7348.3972,7986.391,7348.3972,38.2729,0.299007,3.3444,34.6912,1556559.647,0.90642,116.021,341.768,66.819,8831.996,356.212,67.71,2.969,76.259,0.0,50.0,71.0,2492.295,95.483,4.188,142.1,0
run_9_repetition_1,DONE,llama,sglang,api,small,1,,184,0,23552,94204,511.98,-0.004,219.947,7662.0665,8940.8812,7662.0665,41.64167,0.325326,3.07384,34.8359,1685249.423,0.83656,107.08,882.226,68.385,9568.029,886.845,68.49,5.746,10.146,0.0,54.0,75.0,2482.214,95.534,8.303,159.13,0
run_2_repetition_1,DONE,llama,vllm,api,large,1,,64,0,8192,524286,8191.97,-0.0,237.924,14797.6212,16900.4178,14797.6212,231.21283,1.80635,0.5536,62.1947,3520709.281,0.26899,34.431,3663.734,204.496,29643.056,4156.502,210.214,80.777,0.586,0.0,53.0,83.0,2452.598,95.596,2.745,136.09,0
run_25_repetition_1,DONE,qwen,sglang,agentic,large,1,,144,0,18432,1179648,8192.0,0.0,218.625,10082.3515,11932.8523,10082.3515,70.01633,0.547003,1.82814,46.1171,2204255.819,0.65866,84.309,3074.838,71.139,12164.14,3545.188,84.68,28.665,75.134,0.0,56.0,80.0,2445.722,95.508,7.737,161.13,0
run_4_repetition_1,DONE,llama,vllm,chat,medium,1,,160,0,20480,327682,2048.01,0.0,207.864,8072.2825,2373.33,8072.2825,50.45177,0.394154,2.53708,38.8344,1677937.639,0.76973,98.526,317.656,75.168,9879.004,1240.177,85.055,23.813,71.679,0.0,51.0,73.0,2488.828,95.492,1.834,139.12,0
run_16_repetition_1,DONE,llama,sglang,agentic,medium,1,,176,0,22528,360442,2047.97,-0.001,209.944,8568.0385,24.7393,8568.0385,48.68204,0.380328,2.62931,40.8111,1798805.442,0.83832,107.305,918.702,67.666,9513.423,936.888,68.639,8.003,75.729,0.0,56.0,76.0,2471.943,95.483,6.594,165.11,0
run_21_repetition_2,DONE,qwen,vllm,agentic,large,1,,144,0,18432,1179648,8192.0,0.0,224.945,12295.4126,13172.4747,12295.4126,85.38481,0.667069,1.4991,54.6597,2765787.455,0.64016,81.94,1585.793,85.975,12496.234,1999.293,91.256,28.756,75.038,0.0,51.0,79.0,2463.962,95.531,3.026,112.08,0
run_17_repetition_2,DONE,llama,sglang,agentic,large,1,,120,0,15360,983039,8191.99,-0.0,214.633,9828.5576,11518.544,9828.5576,81.90465,0.63988,1.56279,45.7923,2109535.883,0.55909,71.564,3112.844,88.548,14297.308,4035.482,100.638,28.656,75.125,0.0,57.0,79.0,2448.789,95.485,7.581,173.12,0
run_25_repetition_2,DONE,qwen,sglang,agentic,large,1,,144,0,18432,1179648,8192.0,0.0,218.425,11805.0802,11874.4748,11805.0802,81.97972,0.640467,1.56136,54.0464,2578524.838,0.65927,84.386,2661.147,74.371,12119.401,3576.811,84.68,28.671,75.131,0.0,56.0,80.0,2446.674,95.512,7.763,144.11,0
run_14_repetition_2,DONE,llama,sglang,chat,large,1,,128,0,16384,1048585,8192.07,0.001,259.437,11322.7075,1743.4843,11322.7075,88.45865,0.691083,1.447,43.6434,2937528.187,0.49338,63.152,612.588,98.359,13063.091,8854.976,148.629,83.737,74.232,0.0,55.0,79.0,2457.587,95.578,6.047,179.11,0
run_8_repetition_2,DONE,llama,vllm,agentic,large,1,,120,0,15360,983039,8191.99,-0.0,237.566,12620.5619,13445.9137,12620.5619,105.17135,0.821651,1.21706,53.1245,2998212.929,0.50512,64.656,1934.592,109.411,15828.402,2448.916,117.272,28.756,75.028,0.0,51.0,78.0,2468.38,95.556,3.175,142.08,0
run_22_repetition_2,DONE,qwen,sglang,api,small,1,,192,0,24576,98304,512.0,0.0,211.066,7762.276,8765.6728,7762.276,40.42852,0.315848,3.16608,36.7765,1638355.08,0.90967,116.437,829.903,62.713,8791.627,834.728,62.873,5.934,5.83,0.0,54.0,75.0,2480.994,95.47,7.855,158.11,0
run_11_repetition_2,DONE,llama,sglang,api,large,1,,64,0,8192,524286,8191.97,-0.0,213.67,13680.0541,3083.3101,13680.0541,213.75085,1.669928,0.59883,64.0241,2923023.423,0.29953,38.339,8148.841,147.664,26588.509,14225.507,194.223,80.735,0.624,0.0,58.0,83.0,2410.535,95.496,5.969,184.12,0
run_12_repetition_2,DONE,llama,sglang,chat,small,1,,192,0,24576,98308,512.02,0.004,219.05,7412.2608,8342.2008,7412.2608,38.60552,0.301606,3.31559,33.8383,1623653.023,0.87651,112.194,499.19,68.412,9154.347,503.793,69.477,8.704,62.741,0.0,54.0,72.0,2488.174,95.518,7.969,181.1,0
run_23_repetition_2,DONE,qwen,sglang,api,large,1,,80,0,10240,655360,8192.0,0.0,228.136,13803.8138,14005.1851,13803.8138,172.54767,1.348029,0.74182,60.507,3149146.099,0.35067,44.886,7376.775,121.38,22821.579,12982.788,165.901,80.924,0.355,0.0,57.0,83.0,2404.097,95.54,7.832,164.13,0
run_0_repetition_2,DONE,llama,vllm,api,small,1,,184,0,23552,94204,511.98,-0.004,218.174,8490.8605,8854.3,8490.8605,46.14598,0.360515,2.77381,38.9178,1852485.061,0.84336,107.951,584.48,70.026,9488.787,825.925,72.512,5.841,9.409,0.0,50.0,75.0,2486.836,95.516,3.567,136.08,0
run_10_repetition_2,DONE,llama,sglang,api,medium,1,,136,0,17408,278526,2047.99,-0.0,219.455,9777.4177,11133.4248,9777.4177,71.89278,0.561662,1.78043,44.5531,2145706.19,0.61972,79.324,2244.675,84.01,12909.967,3421.994,87.987,20.737,2.508,0.0,55.0,78.0,2460.652,95.505,7.933,182.15,0
run_13_repetition_2,DONE,llama,sglang,chat,medium,1,,160,0,20480,327682,2048.01,0.0,212.336,7603.4759,8738.5257,7603.4759,47.52172,0.371263,2.6935,35.8087,1614491.951,0.75352,96.451,530.612,75.223,10122.193,2896.487,82.316,23.702,71.934,0.0,55.0,76.0,2478.403,95.47,8.061,161.13,0
run_15_repetition_2,DONE,llama,sglang,agentic,small,1,,192,0,24576,98296,511.96,-0.008,210.614,7003.3782,7882.9187,7003.3782,36.47593,0.284968,3.50916,33.2522,1475008.1,0.91162,116.688,263.858,67.015,8773.426,267.978,67.162,2.838,78.003,0.0,54.0,72.0,2489.562,95.451,8.016,159.12,0
run_7_repetition_2,DONE,llama,vllm,agentic,medium,1,,176,0,22528,360442,2047.97,-0.001,210.417,7895.6633,33.5408,7895.6633,44.86172,0.350482,2.85321,37.5238,1661385.245,0.83643,107.063,771.462,69.566,9529.266,989.409,72.8,8.127,75.312,0.0,50.0,74.0,2484.07,95.27,1.693,114.09,0
run_9_repetition_2,DONE,llama,sglang,api,small,1,,184,0,23552,94204,511.98,-0.004,217.185,8230.6815,5865.2784,8230.6815,44.73196,0.349468,2.86149,37.8971,1787578.953,0.8472,108.442,875.846,68.147,9530.235,880.642,68.291,5.746,10.146,0.0,55.0,76.0,2476.395,95.505,7.415,182.11,0
run_19_repetition_2,DONE,qwen,vllm,api,large,1,,80,0,10240,655360,8192.0,0.0,237.59,16760.0309,18027.7263,16760.0309,209.50039,1.636722,0.61098,70.542,3982008.072,0.33672,43.1,3452.983,159.247,23675.942,3469.729,165.704,81.051,0.195,0.0,54.0,84.0,2437.589,95.596,2.602,117.09,0
run_2_repetition_2,DONE,llama,vllm,api,large,1,,64,0,8192,524286,8191.97,-0.0,228.126,15151.0591,1534.0955,15151.0591,236.7353,1.849495,0.54069,66.4152,3456354.197,0.28055,35.91,3487.794,195.626,28334.442,4079.63,202.101,80.777,0.586,0.0,53.0,84.0,2449.86,95.579,1.076,139.1,0
run_16_repetition_2,DONE,llama,sglang,agentic,medium,1,,176,0,22528,360442,2047.97,-0.001,216.118,7934.5876,9042.855,7934.5876,45.08288,0.35221,2.83922,36.7141,1714810.529,0.81437,104.239,943.507,69.881,9825.447,950.034,70.752,8.003,75.729,0.0,55.0,76.0,2477.963,95.474,8.017,170.12,0
run_5_repetition_2,DONE,llama,vllm,chat,large,1,,128,0,16384,1048585,8192.07,0.001,272.992,13987.514,1973.9521,13987.514,109.27745,0.85373,1.17133,51.2379,3818474.814,0.46888,60.016,368.231,102.974,13489.197,3343.506,176.632,83.747,74.169,0.0,51.0,79.0,2471.436,95.648,1.302,137.08,0
run_20_repetition_2,DONE,qwen,vllm,agentic,small,1,,208,0,26624,106496,512.0,0.0,213.142,7113.1877,8065.4898,7113.1877,34.19802,0.267172,3.74291,33.3731,1516116.043,0.97588,124.912,322.804,62.046,8201.295,331.483,62.919,2.969,76.262,0.0,49.0,70.0,2493.866,95.552,3.606,105.09,0
run_1_repetition_2,DONE,llama,vllm,api,medium,1,,136,0,17408,278526,2047.99,-0.0,223.373,11308.9913,11545.8065,11308.9913,83.15435,0.649643,1.53931,50.6284,2526117.803,0.60885,77.933,1489.323,91.669,13123.506,1500.366,98.021,20.844,2.344,0.0,50.0,76.0,2473.426,95.527,3.263,136.09,0
run_6_repetition_2,DONE,llama,vllm,agentic,small,1,,192,0,24576,98296,511.96,-0.008,212.505,6904.5332,7988.4126,6904.5332,35.96111,0.280946,3.5594,32.4911,1467250.717,0.90351,115.649,345.733,67.0,8855.97,362.869,67.893,2.969,76.259,0.0,50.0,70.0,2492.918,95.503,3.651,139.08,0
run_3_repetition_2,DONE,llama,vllm,chat,small,1,,192,0,24576,98308,512.02,0.004,218.051,8053.7043,8311.0305,8053.7043,41.94638,0.327706,3.05152,36.9349,1756121.207,0.88053,112.707,490.135,67.867,9110.17,537.963,69.264,8.81,61.733,0.0,49.0,72.0,2491.642,95.516,3.6,137.08,0
run_24_repetition_2,DONE,qwen,sglang,agentic,small,1,,208,0,26624,106496,512.0,0.0,211.774,7293.9736,8058.7069,7293.9736,35.06718,0.273962,3.65014,34.4422,1544675.945,0.98218,125.719,242.84,62.252,8148.12,247.333,62.33,2.85,77.925,0.0,54.0,71.0,2490.26,95.483,8.02,161.12,0
run_4_repetition_2,DONE,llama,vllm,chat,medium,1,,160,0,20480,327682,2048.01,0.0,212.74,7841.5406,8941.3842,7841.5406,49.00963,0.382888,2.61173,36.8597,1668209.693,0.75209,96.268,324.841,76.814,10081.563,1293.818,87.596,23.813,71.679,0.0,51.0,72.0,2490.819,95.504,3.625,136.11,0
run_18_repetition_2,DONE,qwen,vllm,api,small,1,,192,0,24576,98304,512.0,0.0,210.018,8105.9079,8722.5837,8105.9079,42.21827,0.32983,3.03186,38.5963,1702384.421,0.91421,117.019,656.223,63.763,8753.868,790.986,66.491,6.114,3.255,0.0,50.0,74.0,2485.957,95.497,3.4,130.08,0
run_17_repetition_3,DONE,llama,sglang,agentic,large,1,,120,0,15360,983039,8191.99,-0.0,215.781,11236.8835,11646.6173,11236.8835,93.6407,0.731568,1.36693,52.0754,2424708.569,0.55612,71.183,3166.23,88.75,14395.716,4114.3,104.359,28.656,75.126,0.0,56.0,79.0,2451.722,95.492,7.665,177.12,0
run_21_repetition_3,DONE,qwen,vllm,agentic,large,1,,144,0,18432,1179648,8192.0,0.0,227.618,11464.0511,13184.6313,11464.0511,79.61147,0.621965,1.60781,50.3652,2609428.581,0.63264,80.978,1619.181,86.898,12619.423,2050.143,93.309,28.756,75.038,0.0,51.0,79.0,2464.772,95.536,3.351,127.08,0
run_16_repetition_3,DONE,llama,sglang,agentic,medium,1,,176,0,22528,360442,2047.97,-0.001,216.63,8863.3572,9042.1222,8863.3572,50.35998,0.393437,2.5417,40.9147,1920071.967,0.81244,103.993,944.858,70.067,9847.095,952.425,70.221,8.003,75.729,0.0,55.0,76.0,2478.231,95.619,8.028,185.12,0
run_22_repetition_3,DONE,qwen,sglang,api,small,1,,192,0,24576,98304,512.0,0.0,211.389,8538.4789,8815.0845,8538.4789,44.47124,0.347432,2.87826,40.3922,1804943.893,0.90828,116.259,833.25,62.818,8803.197,838.238,62.964,5.934,5.83,0.0,54.0,76.0,2477.881,95.491,7.945,164.1,0
run_18_repetition_3,DONE,qwen,vllm,api,small,1,,192,0,24576,98304,512.0,0.0,210.799,8395.0025,8791.3985,8395.0025,43.72397,0.341594,2.92746,39.8246,1769662.264,0.91082,116.585,594.81,64.435,8782.188,827.801,67.097,6.114,3.255,0.0,50.0,75.0,2484.247,95.632,3.457,129.1,0
run_0_repetition_3,DONE,llama,vllm,api,small,1,,184,0,23552,94204,511.98,-0.004,217.578,8088.5051,8840.8406,8088.5051,43.95927,0.343432,2.91179,37.1752,1759878.415,0.84567,108.246,662.767,69.265,9459.479,812.32,71.868,5.841,9.409,0.0,50.0,74.0,2486.423,95.515,3.464,135.09,0
run_12_repetition_3,DONE,llama,sglang,chat,small,1,,192,0,24576,98308,512.02,0.004,213.678,7801.3716,8.7605,7801.3716,40.63214,0.317439,3.15022,36.5099,1666981.958,0.89855,115.014,484.327,66.556,8938.733,504.814,67.489,8.684,62.741,0.0,54.0,73.0,2484.89,95.674,6.736,179.13,0
run_10_repetition_3,DONE,llama,sglang,api,medium,1,,136,0,17408,278526,2047.99,-0.0,220.149,10413.9332,11131.3009,10413.9332,76.57304,0.598227,1.67161,47.3041,2292612.837,0.61776,79.074,2671.806,81.188,12951.489,3427.162,88.301,20.746,2.508,0.0,56.0,79.0,2457.738,95.502,7.939,178.12,0
run_1_repetition_3,DONE,llama,vllm,api,medium,1,,136,0,17408,278526,2047.99,-0.0,222.369,10994.1307,11527.4371,10994.1307,80.8392,0.631556,1.58339,49.441,2444751.154,0.6116,78.284,1466.111,91.398,13068.514,1477.848,97.557,20.844,2.344,0.0,51.0,77.0,2473.255,95.525,3.157,131.1,0
run_13_repetition_3,DONE,llama,sglang,chat,medium,1,,160,0,20480,327682,2048.01,0.0,211.865,8174.9703,8729.0203,8174.9703,51.09356,0.399168,2.50521,38.5858,1731989.772,0.7552,96.665,529.15,74.964,10088.423,2896.457,82.4,23.702,71.934,0.0,55.0,77.0,2477.528,95.596,7.73,160.12,0
run_9_repetition_3,DONE,llama,sglang,api,small,1,,184,0,23552,94204,511.98,-0.004,220.138,7923.7514,8947.7176,7923.7514,43.06387,0.336436,2.97233,35.9945,1744315.307,0.83584,106.988,877.792,68.453,9572.316,881.454,68.556,5.746,10.146,0.0,54.0,76.0,2480.744,95.511,8.069,161.12,0
run_14_repetition_3,DONE,llama,sglang,chat,large,1,,128,0,16384,1048585,8192.07,0.001,267.197,12429.2981,12919.6928,12429.2981,97.10389,0.758624,1.31818,46.5173,3321074.021,0.47905,61.318,627.137,101.937,13505.403,9045.768,151.818,83.699,74.232,0.0,55.0,80.0,2455.128,95.622,8.021,163.12,0
run_23_repetition_3,DONE,qwen,sglang,api,large,1,,80,0,10240,655360,8192.0,0.0,228.672,14412.1569,15620.7471,14412.1569,180.15196,1.407437,0.71051,63.0255,3295653.712,0.34985,44.78,7370.168,121.898,22877.608,13013.151,166.201,80.924,0.355,0.0,58.0,84.0,2403.181,95.49,7.496,162.11,0
run_25_repetition_3,DONE,qwen,sglang,agentic,large,1,,144,0,18432,1179648,8192.0,0.0,218.135,11301.4581,11879.3784,11301.4581,78.48235,0.613143,1.63094,51.8095,2465244.198,0.66014,84.498,2288.924,77.449,12121.877,3588.352,81.182,28.68,75.133,0.0,57.0,80.0,2445.882,95.507,7.632,171.13,0
run_19_repetition_3,DONE,qwen,vllm,api,large,1,,80,0,10240,655360,8192.0,0.0,238.841,17161.1257,18064.9626,17161.1257,214.51407,1.675891,0.5967,71.8515,4098788.214,0.33495,42.874,3476.708,160.08,23798.605,3494.006,166.613,81.051,0.195,0.0,55.0,84.0,2435.395,95.598,2.725,133.08,0
run_3_repetition_3,DONE,llama,vllm,chat,small,1,,192,0,24576,98308,512.02,0.004,218.583,7520.3281,8377.0257,7520.3281,39.16838,0.306003,3.26794,34.4049,1643817.05,0.87838,112.433,492.882,68.276,9145.383,543.559,69.419,8.81,61.733,0.0,51.0,72.0,2489.381,95.517,3.691,128.11,0
run_2_repetition_3,DONE,llama,vllm,api,large,1,,64,0,8192,524286,8191.97,-0.0,230.246,14877.1446,7780.1326,14877.1446,232.45538,1.816058,0.55064,64.6142,3425400.91,0.27796,35.579,3485.795,196.463,28264.61,4092.388,202.517,80.777,0.586,0.0,54.0,84.0,2448.042,95.541,1.768,140.12,0
run_4_repetition_3,DONE,llama,vllm,chat,medium,1,,160,0,20480,327682,2048.01,0.0,211.151,7880.6878,6741.3425,7880.6878,49.2543,0.384799,2.59876,37.3226,1664012.862,0.75775,96.992,322.496,76.608,10067.0,1295.635,87.53,23.813,71.679,0.0,51.0,74.0,2488.176,95.5,2.979,142.08,0
run_11_repetition_3,DONE,llama,sglang,api,large,1,,64,0,8192,524286,8191.97,-0.0,212.358,12756.0773,1277.8329,12756.0773,199.31371,1.557138,0.6422,60.0689,2708849.005,0.30138,38.576,8092.856,145.956,26522.221,14141.143,193.783,80.803,0.624,0.0,58.0,83.0,2411.455,95.484,5.837,179.12,0
run_5_repetition_3,DONE,llama,vllm,chat,large,1,,128,0,16384,1048585,8192.07,0.001,275.234,13333.6787,5626.7461,13333.6787,104.16936,0.813823,1.22877,48.4449,3669882.931,0.46506,59.528,370.993,104.454,13657.652,3430.408,179.675,83.747,74.169,0.0,51.0,79.0,2471.626,95.651,1.932,141.12,0
run_6_repetition_3,DONE,llama,vllm,agentic,small,1,,192,0,24576,98296,511.96,-0.008,205.625,7340.9886,3.0199,7340.9886,38.23432,0.298706,3.34778,35.7008,1509493.134,0.93374,119.518,326.954,64.906,8565.94,336.156,65.787,2.969,76.259,0.0,51.0,71.0,2491.401,95.72,1.388,138.09,0
run_8_repetition_3,DONE,llama,vllm,agentic,large,1,,120,0,15360,983039,8191.99,-0.0,236.325,12826.8457,12933.3742,12826.8457,106.89038,0.835081,1.19749,54.2762,3031307.362,0.50777,64.995,1923.283,108.963,15772.625,2433.951,115.054,28.756,75.028,0.0,51.0,79.0,2468.335,95.553,3.01,141.11,0
run_24_repetition_3,DONE,qwen,sglang,agentic,small,1,,208,0,26624,106496,512.0,0.0,212.193,7416.5668,8071.4417,7416.5668,35.65657,0.278567,3.5898,34.952,1573741.302,0.98024,125.471,244.111,62.344,8161.399,248.921,62.411,2.85,77.925,0.0,54.0,71.0,2487.012,95.465,8.101,159.11,0
run_20_repetition_3,DONE,qwen,vllm,agentic,small,1,,208,0,26624,106496,512.0,0.0,213.409,7076.0341,8095.0747,7076.0341,34.01939,0.265777,3.76256,33.1572,1510086.645,0.97466,124.756,324.634,62.078,8209.41,330.619,63.027,2.969,76.262,0.0,50.0,73.0,2491.323,95.505,3.503,125.11,0
run_15_repetition_3,DONE,llama,sglang,agentic,small,1,,192,0,24576,98296,511.96,-0.008,211.492,6786.2396,7911.6584,6786.2396,35.345,0.276133,3.62145,32.0875,1435233.122,0.90784,116.203,265.802,67.275,8810.612,267.756,67.436,2.838,78.003,0.0,54.0,71.0,2489.398,95.491,8.25,183.13,0
run_7_repetition_3,DONE,llama,vllm,agentic,medium,1,,176,0,22528,360442,2047.97,-0.001,208.908,8737.2732,27.1097,8737.2732,49.6436,0.387841,2.57838,41.8235,1825286.931,0.84248,107.837,753.796,68.795,9493.445,992.009,72.473,8.127,75.312,0.0,50.0,73.0,2484.023,95.54,1.168,108.07,0
run_4_repetition_4,DONE,llama,vllm,chat,medium,1,,160,0,20480,327682,2048.01,0.0,209.188,8632.5471,3765.2647,8632.5471,53.95342,0.421511,2.37242,41.267,1805823.385,0.76486,97.902,316.651,75.798,10031.917,1283.712,85.87,23.813,71.679,0.0,50.0,72.0,2489.898,95.495,2.312,114.1,0
run_9_repetition_4,DONE,llama,sglang,api,small,1,,184,0,23552,94204,511.98,-0.004,219.878,7758.036,8943.5182,7758.036,42.16324,0.3294,3.03582,35.2833,1705824.19,0.83683,107.114,877.919,68.417,9561.822,882.413,68.495,5.746,10.146,0.0,54.0,75.0,2480.991,95.54,8.306,174.12,0
run_6_repetition_4,DONE,llama,vllm,agentic,small,1,,192,0,24576,98296,511.96,-0.008,213.263,7316.1373,7993.154,7316.1373,38.10488,0.297694,3.35915,34.3057,1560261.585,0.9003,115.238,344.634,67.259,8888.928,362.077,68.133,2.969,76.259,0.0,50.0,71.0,2494.537,95.505,3.39,142.1,0
run_8_repetition_4,DONE,llama,vllm,agentic,large,1,,120,0,15360,983039,8191.99,-0.0,237.659,11475.1891,13445.3209,11475.1891,95.62658,0.747083,1.33854,48.2842,2727183.466,0.50492,64.63,1936.089,109.332,15836.024,2455.649,116.62,28.756,75.028,0.0,51.0,78.0,2468.679,95.596,3.047,135.11,0
run_20_repetition_4,DONE,qwen,vllm,agentic,small,1,,208,0,26624,106496,512.0,0.0,212.44,7316.9072,8053.5108,7316.9072,35.17744,0.274824,3.6387,34.4422,1554404.253,0.9791,125.325,288.852,62.097,8174.787,298.322,62.75,2.969,76.262,0.0,50.0,71.0,2492.186,95.503,3.497,120.09,0
run_15_repetition_4,DONE,llama,sglang,agentic,small,1,,192,0,24576,98296,511.96,-0.008,211.786,7725.4313,7911.75,7725.4313,40.23662,0.314349,3.18118,36.4775,1636138.142,0.90658,116.042,264.708,67.376,8820.996,267.997,67.526,2.848,77.974,0.0,54.0,71.0,2488.824,95.525,8.094,156.12,0
run_24_repetition_4,DONE,qwen,sglang,agentic,small,1,,208,0,26624,106496,512.0,0.0,211.563,7773.5691,8029.5694,7773.5691,37.37293,0.291976,3.42494,36.7436,1644597.929,0.98316,125.844,243.532,62.142,8136.857,246.728,62.273,2.85,77.925,0.0,53.0,71.0,2490.795,95.473,7.806,167.11,0
run_0_repetition_4,DONE,llama,vllm,api,small,1,,184,0,23552,94204,511.98,-0.004,218.205,7831.2995,8851.6766,7831.2995,42.56141,0.332511,3.00742,35.8896,1708829.83,0.84324,107.935,585.049,70.053,9486.655,823.203,72.565,5.841,9.409,0.0,49.0,73.0,2487.036,95.516,3.522,135.1,0
run_22_repetition_4,DONE,qwen,sglang,api,small,1,,192,0,24576,98304,512.0,0.0,211.462,7738.4061,8804.9443,7738.4061,40.3042,0.314877,3.17585,36.5947,1636381.346,0.90796,116.219,829.316,62.875,8818.208,834.103,63.004,5.934,5.83,0.0,54.0,76.0,2479.318,95.609,7.694,162.13,0
run_1_repetition_4,DONE,llama,vllm,api,medium,1,,136,0,17408,278526,2047.99,-0.0,222.845,10162.0873,11569.4333,10162.0873,74.72123,0.58376,1.71303,45.6016,2264567.761,0.61029,78.117,1480.969,91.486,13096.878,1492.107,97.813,20.844,2.344,0.0,51.0,77.0,2473.362,95.526,3.29,128.09,0
run_2_repetition_4,DONE,llama,vllm,api,large,1,,64,0,8192,524286,8191.97,-0.0,237.287,15090.751,14215.3009,15090.751,235.79298,1.842133,0.54285,63.597,3580840.285,0.26972,34.524,3682.254,204.874,29700.286,4215.68,206.059,80.777,0.586,0.0,53.0,83.0,2452.337,95.555,2.515,135.11,0
run_14_repetition_4,DONE,llama,sglang,chat,large,1,,128,0,16384,1048585,8192.07,0.001,267.403,12574.379,12924.2174,12574.379,98.23734,0.767479,1.30297,47.0241,3362426.841,0.47868,61.271,618.808,101.854,13505.728,9083.292,151.981,83.71,74.232,0.0,55.0,79.0,2457.358,95.594,8.034,173.15,0
run_16_repetition_4,DONE,llama,sglang,agentic,medium,1,,176,0,22528,360442,2047.97,-0.001,216.102,8746.1696,9056.1472,8746.1696,49.69415,0.388236,2.57576,40.4725,1890062.19,0.81443,104.247,944.655,69.899,9824.213,949.394,70.103,8.003,75.729,0.0,55.0,75.0,2479.166,95.59,7.702,157.12,0
run_11_repetition_4,DONE,llama,sglang,api,large,1,,64,0,8192,524286,8191.97,-0.0,213.804,13584.5725,722.1371,13584.5725,212.25894,1.658273,0.60304,63.5376,2904433.243,0.29934,38.316,8196.465,147.64,26612.172,14224.933,194.396,80.735,0.624,0.0,58.0,83.0,2407.06,95.726,6.555,171.12,0
run_19_repetition_4,DONE,qwen,vllm,api,large,1,,80,0,10240,655360,8192.0,0.0,238.486,17372.4082,18059.4753,17372.4082,217.1551,1.696524,0.58944,72.8444,4143082.761,0.33545,42.937,3467.472,159.892,23763.049,3486.799,166.429,81.051,0.195,0.0,55.0,84.0,2436.34,95.557,2.726,129.11,0
run_3_repetition_4,DONE,llama,vllm,chat,small,1,,192,0,24576,98308,512.02,0.004,214.058,8090.4237,2734.7118,8090.4237,42.13762,0.3292,3.03767,37.7955,1731817.34,0.89695,114.81,482.431,66.593,8940.827,521.881,69.062,8.81,61.733,0.0,50.0,73.0,2492.125,95.507,1.908,139.08,0
run_5_repetition_4,DONE,llama,vllm,chat,large,1,,128,0,16384,1048585,8192.07,0.001,278.065,13944.8904,5585.9056,13944.8904,108.94446,0.851129,1.17491,50.1498,3877582.994,0.46032,58.922,373.021,104.964,13727.991,3518.484,182.5,83.747,74.169,0.0,51.0,79.0,2472.785,95.62,1.896,139.08,0
run_21_repetition_4,DONE,qwen,vllm,agentic,large,1,,144,0,18432,1179648,8192.0,0.0,225.301,12469.9881,13205.5284,12469.9881,86.59714,0.67654,1.47811,55.3481,2809503.62,0.63914,81.81,1582.142,86.123,12495.574,2001.834,92.522,28.756,75.038,0.0,51.0,79.0,2464.251,95.531,3.098,118.09,0
run_25_repetition_4,DONE,qwen,sglang,agentic,large,1,,144,0,18432,1179648,8192.0,0.0,218.006,11055.1096,11835.0091,11055.1096,76.77159,0.599778,1.66728,50.7102,2410077.344,0.66053,84.548,2729.648,74.223,12116.382,3588.537,84.699,28.68,75.132,0.0,56.0,79.0,2445.008,95.493,7.415,147.11,0
run_7_repetition_4,DONE,llama,vllm,agentic,medium,1,,176,0,22528,360442,2047.97,-0.001,216.373,9001.9278,9269.555,9001.9278,51.14732,0.399588,2.50258,41.6037,1947777.556,0.81341,104.116,756.44,71.242,9832.207,1007.189,75.118,8.127,75.312,0.0,50.0,73.0,2483.503,95.556,3.545,144.09,0
run_18_repetition_4,DONE,qwen,vllm,api,small,1,,192,0,24576,98304,512.0,0.0,205.958,7662.4433,3626.231,7662.4433,39.90856,0.311786,3.20733,37.2039,1578143.329,0.93223,119.325,583.704,62.261,8472.94,818.245,64.72,6.114,3.255,0.0,49.0,75.0,2485.65,95.487,2.119,126.12,0
run_17_repetition_4,DONE,llama,sglang,agentic,large,1,,120,0,15360,983039,8191.99,-0.0,214.608,10089.3087,11571.9056,10089.3087,84.07757,0.656856,1.5224,47.0128,2165243.839,0.55916,71.572,3109.567,88.472,14306.25,4102.522,103.766,28.649,75.126,0.0,56.0,79.0,2450.209,95.503,7.412,177.14,0
run_23_repetition_4,DONE,qwen,sglang,api,large,1,,80,0,10240,655360,8192.0,0.0,228.599,13823.1908,15682.1741,13823.1908,172.78988,1.349921,0.74078,60.4691,3159970.39,0.34996,44.795,7372.397,121.923,22857.78,13004.934,166.157,80.924,0.355,0.0,57.0,83.0,2407.315,95.536,7.356,161.11,0
run_12_repetition_4,DONE,llama,sglang,chat,small,1,,192,0,24576,98308,512.02,0.004,220.272,8068.2614,8384.4933,8068.2614,42.02219,0.328298,3.04601,36.6286,1777211.462,0.87165,111.571,507.132,68.811,9208.882,512.348,69.698,8.704,62.741,0.0,54.0,71.0,2487.061,95.502,8.42,186.14,0
run_10_repetition_4,DONE,llama,sglang,api,medium,1,,136,0,17408,278526,2047.99,-0.0,214.928,9339.3742,3492.7765,9339.3742,68.67187,0.536499,1.86394,43.4535,2007293.022,0.63277,80.995,2655.811,81.082,12532.296,3404.144,87.667,20.746,2.508,0.0,55.0,79.0,2456.787,95.55,6.414,158.12,0
run_13_repetition_4,DONE,llama,sglang,chat,medium,1,,160,0,20480,327682,2048.01,0.0,212.368,7543.2963,8754.3628,7543.2963,47.1456,0.368325,2.71499,35.52,1601952.356,0.75341,96.437,523.732,75.202,10126.298,2899.31,82.518,23.702,71.934,0.0,54.0,76.0,2478.2,95.569,7.918,179.15,0
run_18_repetition_5,DONE,qwen,vllm,api,small,1,,192,0,24576,98304,512.0,0.0,210.539,8406.157,8766.9778,8406.157,43.78207,0.342047,2.92357,39.9269,1769819.758,0.91195,116.729,591.8,64.385,8769.731,826.647,67.008,6.114,3.255,0.0,50.0,74.0,2486.724,95.498,3.486,126.08,0
run_21_repetition_5,DONE,qwen,vllm,agentic,large,1,,144,0,18432,1179648,8192.0,0.0,223.712,12278.739,8398.0041,12278.739,85.26902,0.666164,1.50113,54.8864,2746900.193,0.64368,82.392,1573.305,85.694,12476.659,2016.15,90.041,28.756,75.038,0.0,51.0,79.0,2462.609,95.528,3.379,128.09,0
run_1_repetition_5,DONE,llama,vllm,api,medium,1,,136,0,17408,278526,2047.99,-0.0,223.063,9914.0987,11536.2422,9914.0987,72.89778,0.569514,1.75588,44.4453,2211469.61,0.60969,78.041,1491.499,91.565,13108.833,1501.762,97.812,20.844,2.344,0.0,50.0,76.0,2473.988,95.603,3.161,140.09,0
run_13_repetition_5,DONE,llama,sglang,chat,medium,1,,160,0,20480,327682,2048.01,0.0,212.629,7503.4988,8733.1822,7503.4988,46.89687,0.366382,2.72939,35.2892,1595459.986,0.75249,96.318,526.735,75.317,10155.592,2900.539,82.631,23.702,71.934,0.0,54.0,76.0,2478.016,95.489,7.964,159.12,0
run_5_repetition_5,DONE,llama,vllm,chat,large,1,,128,0,16384,1048585,8192.07,0.001,274.212,12342.1709,2568.483,12342.1709,96.42321,0.753306,1.32748,45.0095,3384375.745,0.46679,59.749,369.102,103.441,13521.265,3370.318,177.44,83.747,74.169,0.0,50.0,78.0,2471.782,95.65,1.455,141.08,0
run_19_repetition_5,DONE,qwen,vllm,api,large,1,,80,0,10240,655360,8192.0,0.0,237.584,17393.5712,17976.5492,17393.5712,217.41964,1.698591,0.58872,73.2103,4132430.204,0.33672,43.101,3447.133,159.332,23680.853,3460.738,165.781,81.051,0.195,0.0,54.0,84.0,2436.364,95.596,2.817,126.08,0
run_8_repetition_5,DONE,llama,vllm,agentic,large,1,,120,0,15360,983039,8191.99,-0.0,236.95,11924.9176,13424.4137,11924.9176,99.37431,0.776362,1.28806,50.3268,2825603.86,0.50644,64.824,1913.914,109.139,15792.267,2423.737,116.252,28.756,75.028,0.0,51.0,79.0,2468.463,95.595,3.195,123.08,0
run_2_repetition_5,DONE,llama,vllm,api,large,1,,64,0,8192,524286,8191.97,-0.0,236.82,14954.1627,16855.4241,14954.1627,233.65879,1.825459,0.54781,63.1457,3541446.374,0.27025,34.592,3640.401,203.523,29490.204,4154.841,209.218,80.777,0.586,0.0,53.0,82.0,2452.792,95.554,2.724,136.08,0
run_4_repetition_5,DONE,llama,vllm,chat,medium,1,,160,0,20480,327682,2048.01,0.0,212.904,8236.1136,8935.6609,8236.1136,51.47571,0.402154,2.48661,38.6846,1753501.484,0.75151,96.194,321.633,76.87,10084.663,1293.083,87.634,23.813,71.679,0.0,51.0,73.0,2490.826,95.504,3.606,113.1,0
run_16_repetition_5,DONE,llama,sglang,agentic,medium,1,,176,0,22528,360442,2047.97,-0.001,216.609,7749.4775,9030.0731,7749.4775,44.03112,0.343993,2.90703,35.7764,1678604.01,0.81253,104.003,950.143,70.08,9849.457,953.009,70.208,8.003,75.729,0.0,54.0,75.0,2482.686,95.485,8.05,184.11,0
run_0_repetition_5,DONE,llama,vllm,api,small,1,,184,0,23552,94204,511.98,-0.004,218.08,8412.6435,8861.622,8412.6435,45.72089,0.357194,2.7996,38.5759,1834629.735,0.84373,107.997,583.414,69.981,9475.903,825.497,72.483,5.841,9.409,0.0,49.0,74.0,2486.947,95.516,3.635,137.08,0
run_7_repetition_5,DONE,llama,vllm,agentic,medium,1,,176,0,22528,360442,2047.97,-0.001,215.451,8530.4437,9253.0892,8530.4437,48.46843,0.37866,2.64089,39.5934,1837893.233,0.81689,104.562,756.055,71.009,9791.939,1001.034,74.771,8.127,75.312,0.0,50.0,73.0,2486.012,95.51,3.346,116.09,0
run_10_repetition_5,DONE,llama,sglang,api,medium,1,,136,0,17408,278526,2047.99,-0.0,219.651,9653.0122,11136.5122,9653.0122,70.97803,0.554516,1.80337,43.9471,2120292.4,0.61916,79.253,2664.866,81.061,12921.978,3415.577,88.079,20.746,2.508,0.0,55.0,78.0,2460.999,95.497,7.781,174.12,0
run_25_repetition_5,DONE,qwen,sglang,agentic,large,1,,144,0,18432,1179648,8192.0,0.0,219.006,11273.7642,11886.3723,11273.7642,78.29003,0.611641,1.63495,51.477,2469019.632,0.65752,84.162,2693.931,74.352,12176.201,3573.163,84.86,28.674,75.134,0.0,56.0,79.0,2446.261,95.509,7.8,162.12,0
run_3_repetition_5,DONE,llama,vllm,chat,small,1,,192,0,24576,98308,512.02,0.004,217.239,7248.6197,6919.7682,7248.6197,37.75323,0.294947,3.39044,33.367,1574685.026,0.88382,113.129,487.374,67.553,9054.791,542.764,69.378,8.81,61.733,0.0,50.0,72.0,2493.644,95.514,3.071,116.08,0
run_15_repetition_5,DONE,llama,sglang,agentic,small,1,,192,0,24576,98296,511.96,-0.008,211.083,7583.4475,7878.0274,7583.4475,39.49712,0.308571,3.24074,35.9263,1600738.704,0.90959,116.428,264.24,67.151,8793.21,267.621,67.278,2.838,78.003,0.0,53.0,70.0,2492.503,95.462,8.257,182.1,0
run_6_repetition_5,DONE,llama,vllm,agentic,small,1,,192,0,24576,98296,511.96,-0.008,212.593,6962.8806,7953.0582,6962.8806,36.265,0.28332,3.52957,32.7522,1480257.716,0.90314,115.601,344.469,67.076,8861.363,360.132,67.95,2.969,76.259,0.0,49.0,70.0,2494.09,95.503,3.506,143.08,0
run_12_repetition_5,DONE,llama,sglang,chat,small,1,,192,0,24576,98308,512.02,0.004,214.441,8146.5298,2066.5908,8146.5298,42.42984,0.331483,3.01674,37.9896,1746951.387,0.89535,114.605,484.134,66.647,8948.274,499.647,67.931,8.704,62.741,0.0,55.0,74.0,2480.789,95.498,6.382,157.12,0
run_9_repetition_5,DONE,llama,sglang,api,small,1,,184,0,23552,94204,511.98,-0.004,216.219,7599.6709,3495.5046,7599.6709,41.30256,0.322676,3.09908,35.148,1643192.68,0.85099,108.927,854.83,66.485,9293.68,881.19,68.426,5.746,10.146,0.0,54.0,76.0,2481.584,95.492,6.8,156.12,0
run_11_repetition_5,DONE,llama,sglang,api,large,1,,64,0,8192,524286,8191.97,-0.0,212.696,12243.7521,1272.6117,12243.7521,191.30863,1.494599,0.66908,57.5647,2604192.161,0.3009,38.515,8106.799,146.115,26571.789,14158.696,193.921,80.735,0.624,0.0,57.0,83.0,2410.333,95.499,5.817,181.12,0
run_17_repetition_5,DONE,llama,sglang,agentic,large,1,,120,0,15360,983039,8191.99,-0.0,214.632,11021.6644,11543.1389,11021.6644,91.8472,0.717556,1.39362,51.3515,2365599.805,0.5591,71.564,3104.49,88.492,14296.198,4053.938,103.465,28.656,75.128,0.0,57.0,79.0,2448.721,95.494,7.564,172.11,0
run_23_repetition_5,DONE,qwen,sglang,api,large,1,,80,0,10240,655360,8192.0,0.0,228.545,15101.5171,15665.7726,15101.5171,188.76896,1.474758,0.67808,66.0768,3451372.587,0.35004,44.805,7363.454,121.849,22866.05,12999.918,166.28,80.924,0.355,0.0,57.0,84.0,2407.488,95.562,7.447,144.11,0
run_24_repetition_5,DONE,qwen,sglang,agentic,small,1,,208,0,26624,106496,512.0,0.0,211.829,7557.0117,8042.1015,7557.0117,36.33179,0.283842,3.52309,35.675,1600795.975,0.98192,125.686,243.112,62.238,8147.003,248.579,62.303,2.85,77.925,0.0,53.0,72.0,2493.026,95.67,7.973,167.1,0
run_14_repetition_5,DONE,llama,sglang,chat,large,1,,128,0,16384,1048585,8192.07,0.001,260.137,11014.8457,1739.7513,11014.8457,86.05348,0.672293,1.48745,42.3425,2865369.924,0.49205,62.982,608.949,98.694,13088.128,8905.758,148.808,83.727,74.232,0.0,55.0,78.0,2456.698,95.583,5.986,187.12,0
run_22_repetition_5,DONE,qwen,sglang,api,small,1,,192,0,24576,98304,512.0,0.0,210.596,7784.3317,8752.6192,7784.3317,40.54339,0.316745,3.15711,36.9633,1639350.422,0.9117,116.697,823.141,62.611,8774.741,828.257,62.745,5.934,5.83,0.0,54.0,75.0,2481.236,95.513,7.61,159.14,0
run_20_repetition_5,DONE,qwen,vllm,agentic,small,1,,208,0,26624,106496,512.0,0.0,212.46,6986.2123,8043.9129,6986.2123,33.58756,0.262403,3.81093,32.8825,1484291.84,0.97901,125.313,313.332,62.043,8199.433,326.564,62.855,2.969,76.262,0.0,49.0,72.0,2494.235,95.48,3.496,106.08,0
run_8_repetition_6,DONE,llama,vllm,agentic,large,1,,120,0,15360,983039,8191.99,-0.0,237.999,11834.7869,13423.4256,11834.7869,98.62322,0.770494,1.29787,49.7262,2816667.441,0.5042,64.538,1933.388,109.675,15851.656,2448.29,117.642,28.756,75.028,0.0,51.0,78.0,2469.58,95.597,2.978,128.08,0
run_22_repetition_6,DONE,qwen,sglang,api,small,1,,192,0,24576,98304,512.0,0.0,211.634,8324.3965,8786.0976,8324.3965,43.35623,0.338721,2.95229,39.334,1761722.539,0.90723,116.125,833.181,62.884,8818.117,840.522,62.984,5.934,5.83,0.0,54.0,75.0,2482.427,95.481,7.774,163.1,0
run_7_repetition_6,DONE,llama,vllm,agentic,medium,1,,176,0,22528,360442,2047.97,-0.001,212.79,8974.2405,5039.5022,8974.2405,50.99,0.398359,2.5103,42.1742,1909627.977,0.82711,105.87,745.706,70.224,9782.614,1016.799,72.907,8.127,75.312,0.0,50.0,74.0,2484.123,95.504,2.366,143.11,0
run_14_repetition_6,DONE,llama,sglang,chat,large,1,,128,0,16384,1048585,8192.07,0.001,267.687,11166.5336,12917.1354,11166.5336,87.23854,0.681551,1.46724,41.7149,2989132.714,0.47817,61.206,611.254,102.714,13460.695,9105.855,152.238,83.734,74.233,0.0,54.0,78.0,2459.429,95.572,8.028,161.13,0
run_24_repetition_6,DONE,qwen,sglang,agentic,small,1,,208,0,26624,106496,512.0,0.0,211.425,7850.8448,8019.4943,7850.8448,37.74445,0.294878,3.39123,37.1329,1659867.639,0.9838,125.926,245.186,62.099,8131.794,249.465,62.22,2.85,77.925,0.0,53.0,72.0,2492.721,95.482,8.037,170.14,0
run_6_repetition_6,DONE,llama,vllm,agentic,small,1,,192,0,24576,98296,511.96,-0.008,212.241,7505.9781,7957.8133,7505.9781,39.09364,0.305419,3.27419,35.3653,1593078.405,0.90463,115.793,342.895,66.929,8844.304,358.18,67.865,2.969,76.259,0.0,49.0,70.0,2495.567,95.503,3.564,140.09,0
run_15_repetition_6,DONE,llama,sglang,agentic,small,1,,192,0,24576,98296,511.96,-0.008,210.971,6796.3829,7896.6495,6796.3829,35.39783,0.276546,3.61604,32.2148,1433837.42,0.91008,116.49,263.727,67.117,8787.551,268.138,67.223,2.838,78.003,0.0,53.0,71.0,2491.204,95.481,8.224,157.14,0
run_12_repetition_6,DONE,llama,sglang,chat,small,1,,192,0,24576,98308,512.02,0.004,219.45,7737.6557,8326.8854,7737.6557,40.30029,0.314846,3.17616,35.2593,1698030.816,0.87491,111.989,501.738,68.368,9168.676,509.621,69.567,8.704,62.741,0.0,53.0,71.0,2492.49,95.492,8.245,176.12,0
run_9_repetition_6,DONE,llama,sglang,api,small,1,,184,0,23552,94204,511.98,-0.004,216.491,8292.764,3220.2288,8292.764,45.06937,0.352104,2.84007,38.3053,1795309.158,0.84992,108.79,856.012,67.401,9431.3,883.586,68.659,5.746,10.146,0.0,55.0,76.0,2475.969,95.498,7.993,175.13,0
run_25_repetition_6,DONE,qwen,sglang,agentic,large,1,,144,0,18432,1179648,8192.0,0.0,219.049,11609.0861,11966.3589,11609.0861,80.61865,0.629833,1.58772,52.9978,2542954.002,0.65739,84.146,2730.986,74.488,12188.287,3555.659,84.927,28.671,75.134,0.0,55.0,80.0,2448.491,95.5,7.575,152.12,0
run_2_repetition_6,DONE,llama,vllm,api,large,1,,64,0,8192,524286,8191.97,-0.0,233.351,15675.2377,16779.7881,15675.2377,244.92559,1.913481,0.52261,67.1744,3657838.372,0.27426,35.106,3553.305,200.816,29062.561,4040.006,206.273,80.777,0.586,0.0,53.0,83.0,2449.596,95.548,2.816,136.08,0
run_1_repetition_6,DONE,llama,vllm,api,medium,1,,136,0,17408,278526,2047.99,-0.0,222.108,10183.729,11535.6501,10183.729,74.88036,0.585003,1.70939,45.8504,2261883.596,0.61232,78.376,1470.802,91.28,13043.692,1485.093,97.485,20.844,2.344,0.0,51.0,76.0,2473.341,95.525,3.153,142.09,0
run_3_repetition_6,DONE,llama,vllm,chat,small,1,,192,0,24576,98308,512.02,0.004,218.331,8129.9871,8312.1513,8129.9871,42.34368,0.33081,3.02288,37.2369,1775030.844,0.8794,112.563,414.432,68.323,9103.473,499.411,69.662,8.81,61.733,0.0,49.0,70.0,2492.118,95.516,3.641,138.09,0
run_0_repetition_6,DONE,llama,vllm,api,small,1,,184,0,23552,94204,511.98,-0.004,218.06,7799.9362,8834.7548,7799.9362,42.39096,0.331179,3.01951,35.7697,1700854.141,0.8438,108.007,582.378,69.968,9483.834,819.608,72.456,5.841,9.409,0.0,49.0,72.0,2489.343,95.516,3.397,115.09,0
run_19_repetition_6,DONE,qwen,vllm,api,large,1,,80,0,10240,655360,8192.0,0.0,241.327,17151.5199,18140.1735,17151.5199,214.394,1.674953,0.59703,71.0717,4139124.825,0.3315,42.432,3523.595,161.805,24072.791,3542.233,168.184,81.051,0.195,0.0,54.0,83.0,2440.203,95.602,2.759,131.08,0
run_11_repetition_6,DONE,llama,sglang,api,large,1,,64,0,8192,524286,8191.97,-0.0,219.153,13041.6788,14403.1822,13041.6788,203.77623,1.592002,0.62814,59.5094,2858124.145,0.29203,37.38,8295.908,150.295,27405.026,14625.993,200.2,80.735,0.624,0.0,58.0,84.0,2415.547,95.495,7.316,169.12,0
run_23_repetition_6,DONE,qwen,sglang,api,large,1,,80,0,10240,655360,8192.0,0.0,228.413,13500.9373,15527.409,13500.9373,168.76172,1.318451,0.75847,59.1077,3083784.037,0.35024,44.831,7376.083,121.656,22853.444,13005.081,166.107,80.924,0.355,0.0,57.0,84.0,2401.566,95.525,7.366,162.1,0
run_5_repetition_6,DONE,llama,vllm,chat,large,1,,128,0,16384,1048585,8192.07,0.001,273.921,13149.8752,2526.233,13149.8752,102.7334,0.802605,1.24594,48.006,3602032.844,0.46729,59.813,367.959,103.501,13532.102,3351.729,177.151,83.747,74.169,0.0,51.0,79.0,2471.619,95.65,1.46,138.08,0
run_17_repetition_6,DONE,llama,sglang,agentic,large,1,,120,0,15360,983039,8191.99,-0.0,215.737,10758.2357,11619.557,10758.2357,89.65196,0.700406,1.42774,49.8674,2320946.697,0.55623,71.198,3176.824,88.658,14388.298,4066.793,101.257,28.656,75.128,0.0,56.0,79.0,2449.904,95.522,7.609,182.14,0
run_10_repetition_6,DONE,llama,sglang,api,medium,1,,136,0,17408,278526,2047.99,-0.0,220.01,9597.1203,11118.0393,9597.1203,70.56706,0.551305,1.81388,43.6214,2111458.633,0.61815,79.124,2653.774,81.255,12941.186,3423.167,88.172,20.746,2.508,0.0,55.0,79.0,2459.719,95.538,7.924,167.13,0
run_13_repetition_6,DONE,llama,sglang,chat,medium,1,,160,0,20480,327682,2048.01,0.0,213.097,8219.643,8757.5985,8219.643,51.37277,0.40135,2.49159,38.5722,1751583.966,0.75083,96.106,528.828,75.407,10146.925,2909.722,82.753,23.702,71.934,0.0,54.0,76.0,2480.614,95.472,8.19,172.11,0
run_20_repetition_6,DONE,qwen,vllm,agentic,small,1,,208,0,26624,106496,512.0,0.0,213.337,6946.8452,8057.48,6946.8452,33.39829,0.260924,3.83253,32.5627,1482022.463,0.97498,124.798,296.878,62.26,8204.106,303.52,62.84,2.969,76.262,0.0,49.0,72.0,2494.341,95.505,3.489,106.08,0
run_18_repetition_6,DONE,qwen,vllm,api,small,1,,192,0,24576,98304,512.0,0.0,210.578,8301.8309,7756.9693,8301.8309,43.2387,0.337802,2.96031,39.424,1748181.749,0.91178,116.707,587.168,64.413,8774.335,818.042,67.019,6.114,3.255,0.0,49.0,74.0,2487.75,95.499,4.029,131.08,0
run_4_repetition_6,DONE,llama,vllm,chat,medium,1,,160,0,20480,327682,2048.01,0.0,212.817,8020.6363,8921.6705,8020.6363,50.12898,0.391633,2.55341,37.688,1706924.341,0.75182,96.233,322.7,76.825,10081.15,1290.693,87.611,23.813,71.679,0.0,50.0,72.0,2490.873,95.504,3.646,127.07,0
run_16_repetition_6,DONE,llama,sglang,agentic,medium,1,,176,0,22528,360442,2047.97,-0.001,217.365,8587.5342,9109.2949,8587.5342,48.79281,0.381194,2.62334,39.5074,1866630.86,0.8097,103.641,946.771,70.273,9878.532,995.885,72.291,7.993,75.729,0.0,55.0,76.0,2475.205,95.643,7.965,172.12,0
run_21_repetition_6,DONE,qwen,vllm,agentic,large,1,,144,0,18432,1179648,8192.0,0.0,225.526,12243.7948,13200.0635,12243.7948,85.02635,0.664268,1.50542,54.2899,2761294.926,0.63851,81.729,1584.39,86.284,12514.371,2003.962,92.632,28.756,75.038,0.0,51.0,79.0,2465.23,95.574,3.003,127.1,0
run_2_repetition_7,DONE,llama,vllm,api,large,1,,64,0,8192,524286,8191.97,-0.0,238.546,14293.0755,16876.4376,14293.0755,223.3293,1.74476,0.57314,59.9175,3409556.729,0.26829,34.341,3675.234,204.997,29712.188,4188.711,210.66,80.777,0.586,0.0,53.0,82.0,2453.403,95.557,2.694,138.09,0
run_21_repetition_7,DONE,qwen,vllm,agentic,large,1,,144,0,18432,1179648,8192.0,0.0,219.908,11942.8426,1646.1545,11942.8426,82.93641,0.647941,1.54335,54.3083,2626330.749,0.65482,83.817,1537.952,83.418,12124.136,2008.315,88.721,28.756,75.038,0.0,51.0,79.0,2460.311,95.563,2.364,127.08,0
run_10_repetition_7,DONE,llama,sglang,api,medium,1,,136,0,17408,278526,2047.99,-0.0,220.034,9471.0102,11106.3624,9471.0102,69.63978,0.544061,1.83803,43.0435,2083941.019,0.61809,79.115,2678.67,81.248,12942.167,3429.018,88.155,20.746,2.508,0.0,55.0,79.0,2458.957,95.493,7.659,179.15,0
run_22_repetition_7,DONE,qwen,sglang,api,small,1,,192,0,24576,98304,512.0,0.0,211.367,8491.5915,8771.6512,8491.5915,44.22704,0.345524,2.89416,40.1746,1794843.799,0.90837,116.272,830.263,62.82,8806.355,837.105,62.976,5.934,5.83,0.0,54.0,75.0,2480.232,95.467,7.828,142.11,0
run_19_repetition_7,DONE,qwen,vllm,api,large,1,,80,0,10240,655360,8192.0,0.0,241.08,15723.5555,18203.9786,15723.5555,196.54444,1.535503,0.65125,65.2213,3790634.099,0.33184,42.476,3523.084,161.633,24034.172,3539.262,167.973,81.051,0.195,0.0,54.0,84.0,2440.149,95.602,2.559,119.08,0
run_11_repetition_7,DONE,llama,sglang,api,large,1,,64,0,8192,524286,8191.97,-0.0,219.099,12286.5573,14425.985,12286.5573,191.97746,1.499824,0.66674,56.0775,2691977.876,0.2921,37.389,8301.351,150.202,27405.887,14639.475,200.077,80.735,0.624,0.0,58.0,84.0,2415.766,95.491,7.229,179.11,0
run_24_repetition_7,DONE,qwen,sglang,agentic,small,1,,208,0,26624,106496,512.0,0.0,211.625,7344.9769,8060.9434,7344.9769,35.31239,0.275878,3.62479,34.7075,1554379.061,0.98287,125.808,244.645,62.166,8140.644,248.949,62.278,2.85,77.925,0.0,54.0,72.0,2488.532,95.477,8.061,140.09,0
run_20_repetition_7,DONE,qwen,vllm,agentic,small,1,,208,0,26624,106496,512.0,0.0,212.788,7343.1163,8077.3696,7343.1163,35.30344,0.275808,3.62571,34.5091,1562524.744,0.9775,125.12,320.941,61.956,8188.249,325.978,62.814,2.969,76.262,0.0,49.0,72.0,2493.594,95.504,3.462,127.08,0
run_9_repetition_7,DONE,llama,sglang,api,small,1,,184,0,23552,94204,511.98,-0.004,220.127,7728.0273,8930.1522,7728.0273,42.00015,0.328126,3.04761,35.1072,1701145.869,0.83588,106.993,879.162,68.445,9571.049,882.605,68.63,5.746,10.146,0.0,54.0,75.0,2482.493,95.661,8.204,157.13,0
run_1_repetition_7,DONE,llama,vllm,api,medium,1,,136,0,17408,278526,2047.99,-0.0,222.776,10672.642,11546.3117,10672.642,78.47531,0.613088,1.63109,47.9075,2377607.901,0.61048,78.141,1473.366,91.527,13096.155,1486.663,97.72,20.844,2.344,0.0,50.0,76.0,2473.884,95.526,3.326,140.11,0
run_0_repetition_7,DONE,llama,vllm,api,small,1,,184,0,23552,94204,511.98,-0.004,217.87,8359.2883,8866.8758,8359.2883,45.43091,0.354929,2.81746,38.3683,1821237.426,0.84454,108.101,578.598,69.888,9464.476,816.4,72.39,5.841,9.409,0.0,50.0,74.0,2488.233,95.515,3.443,116.1,0
run_25_repetition_7,DONE,qwen,sglang,agentic,large,1,,144,0,18432,1179648,8192.0,0.0,217.927,10829.516,11864.4916,10829.516,75.20497,0.587539,1.70202,49.6933,2360046.767,0.66077,84.579,2738.57,74.353,12096.295,3594.084,83.488,28.671,75.134,0.0,56.0,81.0,2443.604,95.536,7.328,163.1,0
run_6_repetition_7,DONE,llama,vllm,agentic,small,1,,192,0,24576,98296,511.96,-0.008,212.743,7465.7161,7986.0364,7465.7161,38.88394,0.303781,3.29185,35.0926,1588282.509,0.9025,115.519,346.311,67.09,8865.982,361.274,68.002,2.969,76.259,0.0,50.0,71.0,2493.037,95.504,3.65,127.09,0
run_13_repetition_7,DONE,llama,sglang,chat,medium,1,,160,0,20480,327682,2048.01,0.0,212.519,7758.5626,8753.5974,7758.5626,48.49102,0.378836,2.63966,36.5077,1648838.463,0.75288,96.368,527.149,75.181,10151.113,2915.017,82.596,23.702,71.934,0.0,54.0,76.0,2477.857,95.489,8.011,158.12,0
run_12_repetition_7,DONE,llama,sglang,chat,small,1,,192,0,24576,98308,512.02,0.004,219.575,7585.1261,8364.2708,7585.1261,39.50587,0.30864,3.24003,34.5447,1665500.457,0.87442,111.926,503.048,68.445,9162.671,509.033,69.659,8.704,62.741,0.0,54.0,71.0,2488.335,95.492,8.055,178.12,0
run_23_repetition_7,DONE,qwen,sglang,api,large,1,,80,0,10240,655360,8192.0,0.0,228.738,14956.9674,12231.4103,14956.9674,186.96209,1.460641,0.68463,65.389,3421229.607,0.34974,44.767,7399.453,121.67,22884.931,13067.99,165.748,80.924,0.355,0.0,57.0,83.0,2397.176,95.517,7.988,165.11,0
run_7_repetition_7,DONE,llama,vllm,agentic,medium,1,,176,0,22528,360442,2047.97,-0.001,216.102,8315.413,9304.0784,8315.413,47.24666,0.369115,2.70919,38.4791,1796978.876,0.81443,104.247,761.112,71.119,9819.69,1013.765,74.983,8.127,75.312,0.0,50.0,75.0,2482.777,95.511,3.413,139.11,0
run_17_repetition_7,DONE,llama,sglang,agentic,large,1,,120,0,15360,983039,8191.99,-0.0,215.289,10104.2525,11582.0685,10104.2525,84.2021,0.657829,1.52015,46.9334,2175335.359,0.55739,71.346,3123.051,88.678,14363.675,4097.143,104.013,28.649,75.126,0.0,57.0,80.0,2448.909,95.5,7.669,173.12,0
run_4_repetition_7,DONE,llama,vllm,chat,medium,1,,160,0,20480,327682,2048.01,0.0,213.451,8365.0586,8955.357,8365.0586,52.28162,0.40845,2.44828,39.1896,1785529.045,0.74959,95.947,322.005,76.992,10097.163,1302.506,87.927,23.813,71.679,0.0,51.0,72.0,2489.896,95.646,3.618,114.1,0
run_18_repetition_7,DONE,qwen,vllm,api,small,1,,192,0,24576,98304,512.0,0.0,210.137,7551.6114,8751.6544,7551.6114,39.33131,0.307276,3.2544,35.9367,1586871.029,0.91369,116.952,583.277,64.308,8757.525,818.195,66.907,6.114,3.255,0.0,50.0,75.0,2485.879,95.498,3.349,106.09,0
run_15_repetition_7,DONE,llama,sglang,agentic,small,1,,192,0,24576,98296,511.96,-0.008,207.538,7383.7393,1663.5283,7383.7393,38.45698,0.300445,3.32839,35.5778,1532407.102,0.92513,118.417,257.171,65.452,8568.983,268.611,67.441,2.838,78.003,0.0,54.0,72.0,2488.447,95.607,7.776,159.12,0
run_8_repetition_7,DONE,llama,vllm,agentic,large,1,,120,0,15360,983039,8191.99,-0.0,238.193,12736.4649,13451.8047,12736.4649,106.13721,0.829197,1.20599,53.4713,3033733.015,0.50379,64.486,1948.156,109.506,15872.864,2464.125,116.801,28.756,75.028,0.0,51.0,78.0,2468.565,95.557,3.058,142.09,0
run_3_repetition_7,DONE,llama,vllm,chat,small,1,,192,0,24576,98308,512.02,0.004,212.502,7667.4976,322.0962,7667.4976,39.93488,0.311991,3.20522,36.082,1629357.603,0.90352,115.651,479.109,66.291,8875.04,522.962,67.337,8.81,61.733,0.0,50.0,71.0,2493.016,95.574,1.278,143.08,0
run_16_repetition_7,DONE,llama,sglang,agentic,medium,1,,176,0,22528,360442,2047.97,-0.001,216.143,8196.5346,9047.6119,8196.5346,46.57122,0.363838,2.74848,37.9218,1771625.08,0.81428,104.227,946.316,69.886,9822.489,951.25,70.041,8.003,75.729,0.0,54.0,76.0,2479.241,95.488,7.667,185.1,0
run_5_repetition_7,DONE,llama,vllm,chat,large,1,,128,0,16384,1048585,8192.07,0.001,273.04,12585.2632,1871.9987,12585.2632,98.32237,0.768144,1.30184,46.0931,3436281.408,0.4688,60.006,367.433,103.02,13487.659,3332.617,176.722,83.747,74.169,0.0,51.0,79.0,2471.342,95.648,1.252,127.07,0
run_14_repetition_7,DONE,llama,sglang,chat,large,1,,128,0,16384,1048585,8192.07,0.001,263.004,12493.2037,5469.696,12493.2037,97.60315,0.762525,1.31143,47.502,3285762.03,0.48668,62.296,601.777,100.279,13180.12,9102.597,152.042,83.744,74.232,0.0,55.0,79.0,2457.319,95.586,6.591,165.1,0
run_18_repetition_8,DONE,qwen,vllm,api,small,1,,192,0,24576,98304,512.0,0.0,209.956,8210.0576,8768.826,8210.0576,42.76072,0.334068,2.9934,39.1038,1723747.804,0.91448,117.053,582.12,64.268,8747.229,816.827,66.851,6.114,3.255,0.0,50.0,74.0,2485.134,95.654,3.446,126.08,0
run_5_repetition_8,DONE,llama,vllm,chat,large,1,,128,0,16384,1048585,8192.07,0.001,274.1,13327.1504,3120.0883,13327.1504,104.11836,0.813425,1.22937,48.6215,3652970.327,0.46698,59.774,370.299,104.364,13636.729,3345.89,176.999,83.747,74.169,0.0,51.0,79.0,2471.495,95.65,1.483,143.1,0
run_8_repetition_8,DONE,llama,vllm,agentic,large,1,,120,0,15360,983039,8191.99,-0.0,238.504,11511.375,13463.4487,11511.375,95.92813,0.749438,1.33433,48.2649,2745511.095,0.50314,64.401,1950.131,109.55,15891.569,2477.394,117.023,28.756,75.028,0.0,51.0,78.0,2469.283,95.557,3.099,135.13,0
run_22_repetition_8,DONE,qwen,sglang,api,small,1,,192,0,24576,98304,512.0,0.0,211.266,7851.8016,8799.6516,7851.8016,40.8948,0.319491,3.12998,37.1655,1658818.461,0.90881,116.327,824.93,62.855,8805.139,829.148,62.955,5.934,5.83,0.0,54.0,75.0,2479.889,95.647,8.085,155.12,0
run_4_repetition_8,DONE,llama,vllm,chat,medium,1,,160,0,20480,327682,2048.01,0.0,212.76,8497.0892,8956.4842,8497.0892,53.10681,0.414897,2.41024,39.9374,1807843.597,0.75202,96.259,321.394,76.877,10085.83,1281.047,87.564,23.813,71.679,0.0,50.0,73.0,2487.53,95.504,3.745,115.1,0
run_10_repetition_8,DONE,llama,sglang,api,medium,1,,136,0,17408,278526,2047.99,-0.0,217.893,10520.2522,7469.4397,10520.2522,77.3548,0.604334,1.65471,48.2817,2292288.772,0.62416,79.892,2247.58,84.423,12944.371,3427.911,88.137,20.737,2.508,0.0,55.0,79.0,2460.049,95.502,7.232,180.15,0
run_19_repetition_8,DONE,qwen,vllm,api,large,1,,80,0,10240,655360,8192.0,0.0,237.982,15244.0222,18037.3031,15244.0222,190.55028,1.488674,0.67174,64.0555,3627795.529,0.33616,43.029,3459.726,159.577,23725.269,3471.645,165.936,81.051,0.195,0.0,54.0,84.0,2434.982,95.597,2.705,106.09,0
run_2_repetition_8,DONE,llama,vllm,api,large,1,,64,0,8192,524286,8191.97,-0.0,238.418,14836.6171,16945.5103,14836.6171,231.82214,1.81111,0.55215,62.2295,3537313.901,0.26844,34.36,3670.326,204.894,29697.902,4178.585,210.492,80.777,0.586,0.0,54.0,83.0,2450.886,95.557,2.695,141.09,0
run_14_repetition_8,DONE,llama,sglang,chat,large,1,,128,0,16384,1048585,8192.07,0.001,261.428,11253.5146,1247.351,11253.5146,87.91808,0.68686,1.4559,43.0464,2941979.824,0.48962,62.671,610.801,99.242,13165.694,9054.472,149.861,83.744,74.232,0.0,55.0,79.0,2455.373,95.558,6.877,164.11,0
run_21_repetition_8,DONE,qwen,vllm,agentic,large,1,,144,0,18432,1179648,8192.0,0.0,227.37,12419.462,13312.9555,12419.462,86.24626,0.673799,1.48412,54.6224,2823807.94,0.63333,81.066,1617.83,86.854,12603.87,2047.082,93.26,28.756,75.038,0.0,51.0,79.0,2465.534,95.578,2.894,133.08,0
run_1_repetition_8,DONE,llama,vllm,api,medium,1,,136,0,17408,278526,2047.99,-0.0,223.038,9881.5436,11574.798,9881.5436,72.65841,0.567644,1.76167,44.3042,2203964.581,0.60976,78.049,1480.299,91.549,13106.534,1490.609,97.884,20.844,2.344,0.0,51.0,76.0,2473.054,95.527,3.373,141.08,0
run_7_repetition_8,DONE,llama,vllm,agentic,medium,1,,176,0,22528,360442,2047.97,-0.001,216.03,7942.1824,9250.3982,7942.1824,45.12604,0.352547,2.8365,36.7643,1715745.721,0.8147,104.282,729.579,71.48,9814.362,1010.259,74.966,8.127,75.312,0.0,50.0,74.0,2483.734,95.511,3.41,119.09,0
run_0_repetition_8,DONE,llama,vllm,api,small,1,,184,0,23552,94204,511.98,-0.004,214.514,7759.5029,3824.0198,7759.5029,42.17121,0.329463,3.03525,36.1726,1664518.157,0.85775,109.793,579.49,68.151,9219.184,817.562,70.459,5.841,9.409,0.0,49.0,74.0,2487.775,95.508,2.293,121.08,0
run_11_repetition_8,DONE,llama,sglang,api,large,1,,64,0,8192,524286,8191.97,-0.0,219.541,13993.3511,14440.0135,13993.3511,218.64611,1.708173,0.58542,63.739,3072121.09,0.29152,37.314,8274.594,150.761,27462.767,14597.692,200.573,80.735,0.624,0.0,58.0,83.0,2417.344,95.487,7.654,176.15,0
run_20_repetition_8,DONE,qwen,vllm,agentic,small,1,,208,0,26624,106496,512.0,0.0,213.085,8042.982,8075.1955,8042.982,38.66818,0.302095,3.31022,37.7455,1713836.333,0.97614,124.946,319.914,62.013,8198.06,326.953,62.887,2.969,76.262,0.0,49.0,71.0,2493.675,95.504,3.567,129.08,0
run_25_repetition_8,DONE,qwen,sglang,agentic,large,1,,144,0,18432,1179648,8192.0,0.0,218.817,11022.3587,11897.6686,11022.3587,76.54416,0.598001,1.67224,50.3724,2411883.491,0.65808,84.235,2678.366,74.569,12155.135,3618.434,84.996,28.661,75.133,0.0,55.0,80.0,2446.702,95.495,7.764,162.15,0
run_23_repetition_8,DONE,qwen,sglang,api,large,1,,80,0,10240,655360,8192.0,0.0,228.774,15329.0836,15750.5217,15329.0836,191.61354,1.496981,0.66801,67.0054,3506891.411,0.34969,44.76,7378.237,121.854,22881.1,13044.495,166.307,80.924,0.355,0.0,57.0,83.0,2407.542,95.512,7.309,142.13,0
run_15_repetition_8,DONE,llama,sglang,agentic,small,1,,192,0,24576,98296,511.96,-0.008,211.749,7214.9096,7914.6723,7214.9096,37.57765,0.293575,3.40628,34.073,1527746.294,0.90674,116.062,264.966,67.363,8820.964,270.608,67.472,2.838,78.003,0.0,54.0,72.0,2489.36,95.478,8.244,158.12,0
run_16_repetition_8,DONE,llama,sglang,agentic,medium,1,,176,0,22528,360442,2047.97,-0.001,216.876,8278.442,9063.2406,8278.442,47.0366,0.367473,2.72128,38.1714,1795392.022,0.81153,103.875,949.024,70.094,9856.204,956.954,71.146,7.993,75.729,0.0,54.0,75.0,2481.256,95.53,8.178,184.12,0
run_17_repetition_8,DONE,llama,sglang,agentic,large,1,,120,0,15360,983039,8191.99,-0.0,215.621,11126.9318,11582.5221,11126.9318,92.72443,0.72441,1.38043,51.6042,2399198.441,0.55653,71.236,3120.07,88.759,14380.236,4113.14,104.353,28.658,75.126,0.0,56.0,80.0,2449.72,95.541,7.773,182.13,0
run_9_repetition_8,DONE,llama,sglang,api,small,1,,184,0,23552,94204,511.98,-0.004,220.117,7689.5248,8918.3698,7689.5248,41.7909,0.326491,3.06287,34.9338,1692596.299,0.83592,106.998,878.213,68.478,9574.602,881.595,68.591,5.746,10.146,0.0,54.0,75.0,2483.395,95.738,8.118,173.17,0
run_24_repetition_8,DONE,qwen,sglang,agentic,small,1,,208,0,26624,106496,512.0,0.0,211.572,7378.8586,8040.3284,7378.8586,35.47528,0.277151,3.60815,34.8763,1561162.654,0.98312,125.839,243.677,62.161,8139.267,249.275,62.255,2.85,77.925,0.0,53.0,72.0,2492.055,95.486,7.836,162.1,0
run_13_repetition_8,DONE,llama,sglang,chat,medium,1,,160,0,20480,327682,2048.01,0.0,211.198,7647.5462,5604.2807,7647.5462,47.79716,0.373415,2.67798,36.2103,1615144.995,0.75758,96.971,527.281,74.472,10081.234,2889.002,82.094,23.702,71.934,0.0,54.0,74.0,2479.933,95.5,8.613,179.12,0
run_3_repetition_8,DONE,llama,vllm,chat,small,1,,192,0,24576,98308,512.02,0.004,219.185,7355.1163,8322.8101,7355.1163,38.3079,0.29928,3.34135,33.5567,1612128.443,0.87597,112.125,488.67,68.386,9165.758,536.522,69.579,8.81,61.733,0.0,49.0,71.0,2493.151,95.518,3.678,136.09,0
run_12_repetition_8,DONE,llama,sglang,chat,small,1,,192,0,24576,98308,512.02,0.004,219.548,8189.1061,8357.4033,8189.1061,42.65159,0.333216,3.00106,37.2999,1797898.812,0.87453,111.939,500.395,68.632,9178.816,506.39,69.59,8.704,62.741,0.0,53.0,72.0,2488.578,95.642,8.166,173.13,0
run_6_repetition_8,DONE,llama,vllm,agentic,small,1,,192,0,24576,98296,511.96,-0.008,212.416,7763.2786,7965.5715,7763.2786,40.43374,0.315889,3.16567,36.5476,1649042.079,0.90389,115.698,342.511,66.971,8849.27,360.162,67.895,2.969,76.259,0.0,50.0,71.0,2493.883,95.503,3.434,128.07,0
run_0_repetition_9,DONE,llama,vllm,api,small,1,,184,0,23552,94204,511.98,-0.004,217.97,7609.7174,8851.8982,7609.7174,41.35716,0.323103,3.09499,34.9117,1658691.635,0.84415,108.051,576.921,69.999,9470.454,814.58,72.474,5.841,9.409,0.0,50.0,74.0,2487.768,95.516,3.548,139.1,0
run_19_repetition_9,DONE,qwen,vllm,api,large,1,,80,0,10240,655360,8192.0,0.0,233.477,15627.3447,1245.7237,15627.3447,195.34181,1.526108,0.65526,66.9331,3648624.632,0.34265,43.859,3387.524,155.694,23159.243,3462.01,162.226,81.051,0.195,0.0,54.0,84.0,2435.397,95.548,1.586,128.08,0
run_2_repetition_9,DONE,llama,vllm,api,large,1,,64,0,8192,524286,8191.97,-0.0,237.272,16476.3218,16912.182,16476.3218,257.44253,2.01127,0.4972,69.4406,3909371.36,0.26973,34.526,3649.229,203.922,29553.345,4166.629,209.502,80.777,0.586,0.0,53.0,83.0,2451.15,95.555,2.833,134.08,0
run_16_repetition_9,DONE,llama,sglang,agentic,medium,1,,176,0,22528,360442,2047.97,-0.001,216.944,8695.6219,9061.8088,8695.6219,49.40694,0.385992,2.59073,40.0823,1886462.369,0.81127,103.843,949.098,70.148,9862.258,953.91,70.254,8.003,75.729,0.0,55.0,75.0,2479.634,95.467,7.953,183.12,0
run_10_repetition_9,DONE,llama,sglang,api,medium,1,,136,0,17408,278526,2047.99,-0.0,220.327,9575.1988,11138.2237,9575.1988,70.40587,0.550046,1.81803,43.459,2109678.621,0.61726,79.01,2655.368,81.235,12964.757,3446.827,88.233,20.746,2.508,0.0,55.0,78.0,2459.197,95.507,7.891,177.13,0
run_3_repetition_9,DONE,llama,vllm,chat,small,1,,192,0,24576,98308,512.02,0.004,216.471,7536.0874,6903.0633,7536.0874,39.25046,0.306644,3.26111,34.8134,1631344.733,0.88695,113.53,336.415,68.488,9013.313,441.626,70.24,8.81,61.733,0.0,50.0,71.0,2491.746,95.512,3.253,123.07,0
run_7_repetition_9,DONE,llama,vllm,agentic,medium,1,,176,0,22528,360442,2047.97,-0.001,216.524,8325.1785,9265.8216,8325.1785,47.30215,0.369548,2.70601,38.4493,1802597.452,0.81284,104.044,758.15,71.324,9838.079,1003.137,75.202,8.127,75.312,0.0,50.0,73.0,2485.43,95.512,3.593,142.1,0
run_6_repetition_9,DONE,llama,vllm,agentic,small,1,,192,0,24576,98296,511.96,-0.008,212.361,7049.8155,7977.8892,7049.8155,36.71779,0.286858,3.48605,33.1972,1497108.937,0.90412,115.727,345.147,67.056,8864.311,361.327,68.034,2.969,76.259,0.0,49.0,69.0,2494.764,95.479,3.643,135.09,0
run_1_repetition_9,DONE,llama,vllm,api,medium,1,,136,0,17408,278526,2047.99,-0.0,217.487,9860.5893,2285.5963,9860.5893,72.50433,0.56644,1.76541,45.3387,2144553.524,0.62532,80.041,1446.672,88.703,12706.42,1494.672,94.9,20.844,2.344,0.0,50.0,75.0,2474.777,95.514,1.461,125.1,0
run_24_repetition_9,DONE,qwen,sglang,agentic,small,1,,208,0,26624,106496,512.0,0.0,211.242,6898.1176,8025.8888,6898.1176,33.16403,0.259094,3.8596,32.6551,1457171.357,0.98465,126.036,243.599,62.056,8125.423,248.146,62.138,2.85,77.925,0.0,53.0,73.0,2493.42,95.481,7.677,162.1,0
run_15_repetition_9,DONE,llama,sglang,agentic,small,1,,192,0,24576,98296,511.96,-0.008,211.727,6890.4319,8001.0802,6890.4319,35.88767,0.280372,3.56668,32.544,1458888.382,0.90683,116.074,265.336,67.356,8818.509,267.561,67.484,2.838,78.003,0.0,55.0,73.0,2481.346,95.463,8.071,178.12,0
run_13_repetition_9,DONE,llama,sglang,chat,medium,1,,160,0,20480,327682,2048.01,0.0,212.87,7632.4047,8750.4419,7632.4047,47.70253,0.372676,2.6833,35.8547,1624711.911,0.75163,96.209,529.717,75.382,10170.303,2892.425,82.592,23.693,71.934,0.0,54.0,76.0,2478.885,95.499,7.98,170.12,0
run_9_repetition_9,DONE,llama,sglang,api,small,1,,184,0,23552,94204,511.98,-0.004,220.612,7953.39,8935.227,7953.39,43.22495,0.337695,2.96125,36.0514,1754616.744,0.83404,106.757,882.224,68.61,9596.227,886.323,68.744,5.746,10.146,0.0,53.0,75.0,2484.813,95.617,8.243,186.11,0
run_12_repetition_9,DONE,llama,sglang,chat,small,1,,192,0,24576,98308,512.02,0.004,219.887,7904.7043,8479.32,7904.7043,41.17033,0.321643,3.10903,35.949,1738138.384,0.87318,111.767,498.43,68.764,9184.43,504.627,69.778,8.704,62.741,0.0,55.0,74.0,2480.61,95.743,8.123,177.11,0
run_21_repetition_9,DONE,qwen,vllm,agentic,large,1,,144,0,18432,1179648,8192.0,0.0,225.994,11312.5899,13245.9352,11312.5899,78.55965,0.613747,1.62934,50.0571,2556574.192,0.63719,81.56,1589.888,86.433,12533.106,2008.355,92.788,28.756,75.038,0.0,51.0,79.0,2463.85,95.559,3.01,128.08,0
run_23_repetition_9,DONE,qwen,sglang,api,large,1,,80,0,10240,655360,8192.0,0.0,224.454,14705.4537,4445.1423,14705.4537,183.81817,1.436079,0.69634,65.5167,3300691.927,0.35642,45.622,7244.222,120.05,22335.151,12682.373,161.497,80.924,0.355,0.0,57.0,83.0,2393.499,95.516,7.227,163.11,0
run_5_repetition_9,DONE,llama,vllm,chat,large,1,,128,0,16384,1048585,8192.07,0.001,278.058,12646.7795,5648.3385,12646.7795,98.80296,0.771898,1.29551,45.4825,3516540.382,0.46034,58.923,371.89,104.745,13693.293,3515.626,182.56,83.747,74.169,0.0,51.0,78.0,2472.123,95.655,1.853,131.1,0
run_8_repetition_9,DONE,llama,vllm,agentic,large,1,,120,0,15360,983039,8191.99,-0.0,237.146,11742.1912,13432.7892,11742.1912,97.85159,0.764466,1.3081,49.5145,2784618.676,0.50602,64.77,1924.171,109.094,15791.351,2441.848,116.481,28.756,75.028,0.0,51.0,78.0,2469.029,95.595,2.957,138.09,0
run_20_repetition_9,DONE,qwen,vllm,agentic,small,1,,208,0,26624,106496,512.0,0.0,213.058,7604.0057,8066.3419,7604.0057,36.55772,0.285607,3.50131,35.6898,1620096.01,0.97626,124.961,319.516,62.067,8197.842,327.437,62.909,2.969,76.262,0.0,49.0,71.0,2494.505,95.617,3.598,124.09,0
run_17_repetition_9,DONE,llama,sglang,agentic,large,1,,120,0,15360,983039,8191.99,-0.0,215.508,9832.8543,11619.5062,9832.8543,81.94045,0.64016,1.56211,45.6264,2119060.113,0.55682,71.273,3487.26,85.409,14389.964,4050.195,103.835,28.65,75.126,0.0,56.0,79.0,2450.413,95.501,7.698,178.12,0
run_14_repetition_9,DONE,llama,sglang,chat,large,1,,128,0,16384,1048585,8192.07,0.001,261.433,11096.0189,2720.7634,11096.0189,86.68765,0.677247,1.47657,42.4431,2900862.161,0.48961,62.67,595.345,100.289,13169.473,8896.19,149.054,83.715,74.232,0.0,55.0,79.0,2456.635,95.596,6.268,162.11,0
run_18_repetition_9,DONE,qwen,vllm,api,small,1,,192,0,24576,98304,512.0,0.0,210.254,7903.8867,8759.4971,7903.8867,41.16608,0.32161,3.10936,37.5921,1661824.787,0.91318,116.887,581.882,64.357,8760.729,813.173,66.96,6.114,3.255,0.0,50.0,74.0,2488.388,95.498,3.439,128.08,0
run_25_repetition_9,DONE,qwen,sglang,agentic,large,1,,144,0,18432,1179648,8192.0,0.0,218.586,11041.7938,11821.6545,11041.7938,76.67912,0.599056,1.66929,50.5146,2413581.408,0.65878,84.324,2637.45,74.497,12141.222,3572.857,84.723,28.671,75.134,0.0,55.0,78.0,2446.232,95.494,7.63,145.11,0
run_22_repetition_9,DONE,qwen,sglang,api,small,1,,192,0,24576,98304,512.0,0.0,211.436,7893.335,8789.2997,7893.335,41.11112,0.321181,3.11351,37.332,1668936.408,0.90808,116.234,827.597,62.867,8812.54,830.323,62.989,5.934,5.83,0.0,54.0,75.0,2482.077,95.477,7.994,163.12,0
run_4_repetition_9,DONE,llama,vllm,chat,medium,1,,160,0,20480,327682,2048.01,0.0,213.566,8291.2465,8964.3235,8291.2465,51.82029,0.404846,2.47007,38.8229,1770727.033,0.74918,95.895,322.191,77.134,10117.118,1299.611,87.987,23.813,71.679,0.0,50.0,72.0,2490.693,95.506,3.641,114.1,0
run_11_repetition_9,DONE,llama,sglang,api,large,1,,64,0,8192,524286,8191.97,-0.0,219.145,13970.4962,13873.8744,13970.4962,218.289,1.705383,0.58638,63.7501,3061561.651,0.29204,37.382,8288.699,149.313,27443.989,14630.722,199.665,80.735,0.624,0.0,57.0,83.0,2415.837,95.495,7.424,176.11,0
