__run_id,t_start_run,cooldown_s,cooldown_end_temp_C,block,E_gpu_pint_J,E_tok_pint_J,P_gpu_pint_W,EDP_pint_Js,pint_vs_counter_pct,temp_before_run_C
run_16_repetition_0,1790523143.9339018,301.6,38.0,1,8909.4518,0.395483,42.2315,1879600.328,8.884,33.0
run_17_repetition_0,1790523928.777022,301.7,39.0,1,11634.0915,0.757428,54.2688,2494104.898,2.79,38.0
run_5_repetition_0,1790524709.3981116,301.7,39.0,1,14654.3999,0.894434,53.1602,4039705.153,17.275,39.0
run_6_repetition_0,1790525515.4038644,301.6,39.0,1,7939.3079,0.323051,37.5754,1677496.357,15.255,39.0
run_8_repetition_0,1790526228.7326646,301.7,39.0,1,13446.3193,0.875411,56.5894,3195006.829,9.98,39.0
run_13_repetition_0,1790526993.640812,301.7,39.0,1,8735.9499,0.42656,41.3763,1844456.039,10.817,39.0
run_14_repetition_0,1790527778.2379122,301.7,39.0,1,12906.5516,0.787753,48.3879,3442577.409,2.389,39.0
run_0_repetition_0,1790528594.815274,301.7,38.0,1,8835.3896,0.375144,40.7756,1914478.726,14.734,39.0
run_19_repetition_0,1790529336.6980379,301.6,39.0,1,18245.6452,1.781801,75.3937,4415537.367,6.534,38.0
run_4_repetition_0,1790530098.9333556,301.6,38.0,1,8925.0634,0.435794,42.1443,1890096.384,3.474,39.0
run_25_repetition_0,1790530847.9815931,301.7,39.0,1,11919.2179,0.646659,54.763,2594229.701,5.363,38.0
run_23_repetition_0,1790531605.237177,301.7,39.0,1,15778.8932,1.540908,69.1008,3603047.151,17.054,39.0
run_18_repetition_0,1790532388.6373906,301.7,38.0,1,8768.6463,0.356797,41.8763,1836101.929,14.024,39.0
run_20_repetition_0,1790533111.452282,301.7,38.0,1,7930.0205,0.297852,38.1712,1647453.839,13.506,38.0
run_1_repetition_0,1790533831.2323031,301.7,38.0,1,11558.4148,0.663971,51.9188,2573192.087,16.742,38.0
run_9_repetition_0,1790534578.9398494,301.6,38.0,1,8917.8653,0.378646,40.7722,1950551.18,6.983,38.0
run_22_repetition_0,1790535369.0004482,301.7,38.0,1,8791.2136,0.357715,41.7923,1849275.736,8.603,38.0
run_11_repetition_0,1790536128.7335134,301.7,39.0,1,14404.1222,1.758316,66.5619,3117080.842,15.466,38.0
run_12_repetition_0,1790536921.1811225,301.7,38.0,1,8369.8308,0.340569,38.3267,1827812.016,7.351,39.0
run_24_repetition_0,1790537699.9051208,301.7,38.0,1,8021.7816,0.301299,38.065,1690502.242,5.565,38.0
run_21_repetition_0,1790538460.6695795,301.7,38.0,1,13227.1117,0.717617,58.7733,2976801.164,4.034,38.0
run_2_repetition_0,1790539172.9944391,301.7,39.0,1,16862.8095,2.058448,71.495,3977262.257,9.902,38.0
run_3_repetition_0,1790539915.1610763,301.6,39.0,1,8196.8505,0.333531,38.6471,1738511.017,6.221,39.0
run_10_repetition_0,1790540646.5571742,301.7,38.0,1,11059.5205,0.635313,50.7923,2408099.995,14.202,39.0
run_15_repetition_0,1790541431.9547575,301.7,38.0,1,7858.028,0.319744,37.4416,1649195.779,4.049,38.0
run_7_repetition_0,1790542220.0777605,301.6,38.0,1,9235.0739,0.409938,42.9802,1984321.865,2.734,38.0
run_5_repetition_1,1790542959.9228137,301.7,38.0,2,14630.1972,0.892956,53.1526,4026947.148,14.063,38.0
run_10_repetition_1,1790543758.1190228,301.7,39.0,2,11100.5542,0.63767,50.6646,2432120.326,13.346,38.0
run_15_repetition_1,1790544545.5566254,301.6,38.0,2,7853.883,0.319575,37.4885,1645396.339,17.481,39.0
run_1_repetition_1,1790545319.8458889,301.6,38.0,2,11532.1912,0.662465,52.0037,2557344.125,16.555,38.0
run_23_repetition_1,1790546065.9593248,301.7,39.0,2,15624.2641,1.525807,68.3228,3573003.584,4.485,38.0
run_8_repetition_1,1790546845.536199,301.7,38.0,2,13442.3597,0.875154,56.9353,3173727.678,2.365,39.0
run_7_repetition_1,1790547601.3309433,301.7,38.0,2,9053.07,0.401859,43.1477,1899478.945,2.472,38.0
run_24_repetition_1,1790548336.5106382,301.7,38.0,2,8044.3494,0.302147,38.133,1696995.721,2.454,38.0
run_22_repetition_1,1790549091.431356,301.7,38.0,2,8785.3992,0.357479,41.7285,1849651.598,11.425,38.0
run_12_repetition_1,1790549846.3673267,301.7,38.0,2,8335.2779,0.339163,38.2772,1815098.451,9.992,38.0
run_20_repetition_1,1790550616.9080813,301.7,38.0,2,8079.3848,0.303462,37.918,1721514.919,16.689,38.0
run_11_repetition_1,1790551336.9799953,301.7,39.0,2,14473.279,1.766758,66.0115,3173324.309,6.251,38.0
run_14_repetition_1,1790552123.6013668,301.7,39.0,2,13000.9452,0.793515,48.5173,3483798.28,4.641,39.0
run_21_repetition_1,1790552952.826813,301.7,39.0,2,13261.6073,0.719488,58.6898,2996606.055,9.625,39.0
run_0_repetition_1,1790553679.5552464,301.6,38.0,2,8855.0073,0.375977,40.699,1926610.509,9.91,39.0
run_17_repetition_1,1790554400.2643988,301.6,39.0,2,11629.4403,0.757125,54.0522,2502097.329,12.862,38.0
run_18_repetition_1,1790555165.1256707,301.7,38.0,2,8754.3222,0.356214,41.7786,1834389.422,2.905,39.0
run_3_repetition_1,1790555882.6967506,301.6,38.0,2,8326.3685,0.338801,38.0852,1820352.31,3.095,38.0
run_13_repetition_1,1790556630.3721156,301.7,38.0,2,8757.3128,0.427603,41.2483,1859238.8,3.263,38.0
run_19_repetition_1,1790557409.2876503,301.7,39.0,2,18223.5584,1.779644,75.5719,4394465.31,10.884,38.0
run_6_repetition_1,1790558168.2696452,301.7,38.0,2,7983.0663,0.324832,37.6874,1690997.046,8.637,39.0
run_9_repetition_1,1790558909.606488,301.7,38.0,2,8947.6167,0.379909,40.6808,1968001.448,16.778,38.0
run_2_repetition_1,1790559679.830401,301.6,39.0,2,16910.2456,2.064239,71.0741,4023353.271,14.277,38.0
run_25_repetition_1,1790560449.6527324,301.7,39.0,2,11942.1167,0.647901,54.6237,2610845.272,18.446,39.0
run_4_repetition_1,1790561217.3838944,301.6,38.0,2,8836.7968,0.431484,42.5124,1836851.929,9.471,39.0
run_16_repetition_1,1790561969.5710077,301.6,38.0,2,8995.737,0.399314,42.8483,1888601.015,4.992,38.0
run_21_repetition_2,1790562739.3522582,301.7,38.0,3,13182.6412,0.715204,58.6038,2965369.218,7.216,38.0
run_17_repetition_2,1790563458.7125163,301.7,39.0,3,11543.5009,0.75153,53.7825,2477616.222,17.449,38.0
run_25_repetition_2,1790564239.3957083,301.6,39.0,3,11887.6223,0.644945,54.4243,2596553.904,0.699,39.0
run_14_repetition_2,1790564990.2756875,301.6,39.0,3,12722.388,0.776513,49.0384,3300658.178,12.362,39.0
run_8_repetition_2,1790565820.7947686,301.7,38.0,3,13459.5189,0.876271,56.6559,3197524.056,6.648,39.0
run_22_repetition_2,1790566586.8976014,301.7,38.0,3,8764.1896,0.356616,41.5235,1849822.445,12.907,38.0
run_11_repetition_2,1790567349.2819984,301.7,39.0,3,14138.9207,1.725942,66.1718,3021063.194,3.354,38.0
run_12_repetition_2,1790568152.9168723,301.6,38.0,3,8342.8926,0.339473,38.0867,1827510.623,12.555,39.0
run_23_repetition_2,1790568950.4897373,301.6,39.0,3,15504.1063,1.514073,67.9599,3537044.798,12.318,38.0
run_0_repetition_2,1790569736.0080805,301.6,38.0,3,8867.6009,0.376512,40.6446,1934679.957,4.437,39.0
run_10_repetition_2,1790570477.9908187,301.7,38.0,3,11146.0564,0.640284,50.7897,2446057.813,13.998,38.0
run_13_repetition_2,1790571268.5198839,301.6,38.0,3,8740.7089,0.426792,41.1645,1855967.163,14.957,38.0
run_15_repetition_2,1790572053.0588734,301.7,38.0,3,7879.7372,0.320627,37.4132,1659582.964,12.513,38.0
run_7_repetition_2,1790572817.3874412,301.7,38.0,3,9021.1646,0.400442,42.8728,1898206.394,14.255,38.0
run_9_repetition_2,1790573529.540087,301.7,38.0,3,8930.2088,0.37917,41.118,1939507.397,8.499,38.0
run_19_repetition_2,1790574322.5562437,301.6,39.0,3,18031.9004,1.760928,75.895,4284199.21,7.589,38.0
run_2_repetition_2,1790575069.754852,301.7,39.0,3,16697.1534,2.038227,73.1927,3809054.822,10.205,39.0
run_16_repetition_2,1790575831.6498706,301.7,39.0,3,9045.9389,0.401542,41.8565,1954990.22,14.006,39.0
run_5_repetition_2,1790576611.8884761,301.7,38.0,3,14584.6521,0.890177,53.4252,3981493.356,4.269,39.0
run_20_repetition_2,1790577409.079205,301.7,38.0,3,8062.9463,0.302845,37.829,1718552.51,13.352,38.0
run_1_repetition_2,1790578113.5310075,301.7,38.0,3,11570.263,0.664652,51.7979,2584484.359,2.31,38.0
run_6_repetition_2,1790578859.2252727,301.7,38.0,3,7985.3807,0.324926,37.5774,1696933.325,15.654,38.0
run_3_repetition_2,1790579602.891385,301.6,38.0,3,8310.3872,0.338151,38.1121,1812088.236,3.187,38.0
run_24_repetition_2,1790580351.1333628,301.7,38.0,3,8054.422,0.302525,38.0331,1705717.164,10.426,38.0
run_4_repetition_2,1790581112.1980674,301.7,38.0,3,8938.8977,0.43647,42.0179,1901661.094,13.994,38.0
run_18_repetition_2,1790581866.761692,301.6,38.0,3,8718.8128,0.354769,41.5146,1831107.621,7.561,38.0
run_17_repetition_3,1790582595.5820162,301.7,39.0,4,11667.617,0.75961,54.0716,2517650.074,3.833,38.0
run_21_repetition_3,1790583380.4524407,301.7,39.0,4,13304.2556,0.721802,58.4499,3028288.057,16.052,39.0
run_16_repetition_3,1790584120.2949355,301.7,38.0,4,9053.3377,0.40187,41.7917,1961224.555,2.143,39.0
run_22_repetition_3,1790584914.9946702,301.7,38.0,4,8816.6329,0.35875,41.7081,1863739.215,3.258,38.0
run_18_repetition_3,1790585682.8970158,301.7,38.0,4,8800.2008,0.358081,41.7469,1855073.527,4.827,38.0
run_0_repetition_3,1790586410.645879,301.7,38.0,4,8856.4868,0.37604,40.7049,1926976.677,9.495,38.0
run_12_repetition_3,1790587146.175995,301.7,38.0,4,8247.6725,0.335599,38.5986,1762346.171,5.721,38.0
run_10_repetition_3,1790587932.693868,301.7,39.0,4,11144.0317,0.640167,50.6204,2453347.434,7.011,38.0
run_1_repetition_3,1790588720.082256,301.7,39.0,4,11544.9737,0.663199,51.9181,2567244.262,5.01,39.0
run_13_repetition_3,1790589460.333773,301.7,39.0,4,8740.5024,0.426782,41.2551,1851806.542,6.918,39.0
run_9_repetition_3,1790590238.1740644,301.7,39.0,4,8954.8687,0.380217,40.6784,1971306.879,13.013,39.0
run_14_repetition_3,1790591011.2599604,301.7,39.0,4,12927.5934,0.789038,48.3823,3454214.162,4.009,39.0
run_23_repetition_3,1790591831.1108057,301.7,39.0,4,15627.4831,1.526121,68.3402,3573567.82,8.433,39.0
run_25_repetition_3,1790592614.6511757,301.6,39.0,4,11897.3694,0.645474,54.5413,2595232.674,5.273,39.0
run_19_repetition_3,1790593392.5252666,301.7,39.0,4,18061.4994,1.763818,75.6214,4313826.589,5.247,39.0
run_3_repetition_3,1790594155.679095,301.7,39.0,4,8370.2231,0.340585,38.2931,1829588.466,11.301,39.0
run_2_repetition_3,1790594894.8388214,301.7,39.0,4,16742.1415,2.043718,72.7141,3854811.108,12.536,39.0
run_4_repetition_3,1790595657.320523,301.7,38.0,4,8911.0629,0.43511,42.2023,1881579.838,13.075,39.0
run_11_repetition_3,1790596412.4638526,301.6,39.0,4,14141.2354,1.726225,66.5915,3003004.468,10.859,38.0
run_5_repetition_3,1790597211.6407652,301.7,39.0,4,14652.2182,0.8943,53.2355,4032788.622,9.889,39.0
run_6_repetition_3,1790598018.0057244,301.6,38.0,4,7826.5917,0.318465,38.0625,1609342.928,6.615,39.0
run_8_repetition_3,1790598751.0479274,301.7,39.0,4,13446.1002,0.875397,56.8966,3177649.636,4.828,38.0
run_24_repetition_3,1790599511.0010657,301.7,38.0,4,8067.4983,0.303016,38.0196,1711866.674,8.777,39.0
run_20_repetition_3,1790600269.888924,301.7,38.0,4,8092.1023,0.30394,37.9183,1726927.466,14.359,38.0
run_15_repetition_3,1790600994.5349429,301.7,38.0,4,7909.0088,0.321818,37.3963,1672692.08,16.545,38.0
run_7_repetition_3,1790601783.316796,301.7,38.0,4,9138.3192,0.405643,43.7433,1909067.991,4.59,38.0
run_4_repetition_4,1790602489.1512556,301.7,38.0,5,8849.2724,0.432093,42.303,1851161.592,2.511,38.0
run_9_repetition_4,1790603216.4121945,301.7,38.0,5,8951.0095,0.380053,40.709,1968130.058,15.377,38.0
run_6_repetition_4,1790604001.8475711,301.7,38.0,5,7990.4071,0.32513,37.4674,1704058.184,9.216,38.0
run_8_repetition_4,1790604749.0899649,301.7,39.0,5,13460.4661,0.876332,56.6377,3199000.914,17.301,38.0
run_20_repetition_4,1790605503.4741685,301.6,38.0,5,8048.8485,0.302316,37.8876,1709897.382,10.003,39.0
run_15_repetition_4,1790606218.2432177,301.7,38.0,5,7908.1105,0.321782,37.3401,1674827.099,2.365,38.0
run_24_repetition_4,1790606971.432022,301.7,38.0,5,8027.8282,0.301526,37.9453,1698391.425,3.271,38.0
run_0_repetition_4,1790607738.4374242,301.6,38.0,5,8856.7567,0.376051,40.5892,1932588.59,13.094,38.0
run_22_repetition_4,1790608479.1051087,301.6,38.0,5,8800.4554,0.358091,41.6172,1860961.897,13.724,38.0
run_1_repetition_4,1790609245.62361,301.6,38.0,5,11577.8037,0.665085,51.9545,2580055.657,13.931,38.0
run_2_repetition_4,1790609983.5816076,301.7,39.0,5,16890.0979,2.06178,71.18,4007800.663,11.924,38.0
run_14_repetition_4,1790610752.6754773,301.7,39.0,5,12927.7204,0.789045,48.3455,3456911.225,2.81,39.0
run_16_repetition_4,1790611582.4559383,301.7,38.0,5,9051.401,0.401784,41.8849,1956025.856,3.49,39.0
run_11_repetition_4,1790612349.579152,301.7,39.0,5,13898.8199,1.696633,65.0073,2971623.283,2.313,38.0
run_19_repetition_4,1790613140.7917037,301.7,39.0,5,18062.0767,1.763875,75.7364,4307552.422,3.97,39.0
run_3_repetition_4,1790613899.958258,301.6,38.0,5,8240.5246,0.335308,38.4967,1763950.21,1.855,39.0
run_5_repetition_4,1790614645.1091938,301.7,38.0,5,14687.7554,0.896469,52.8213,4084150.708,5.327,38.0
run_21_repetition_4,1790615449.9183996,301.7,38.0,5,13233.3647,0.717956,58.7364,2981490.3,6.122,38.0
run_25_repetition_4,1790616175.567532,301.7,39.0,5,11852.8635,0.643059,54.3694,2583995.366,7.216,38.0
run_7_repetition_4,1790616929.7277288,301.7,38.0,5,9289.6069,0.412358,42.9333,2010020.11,3.196,39.0
run_18_repetition_4,1790617676.797313,301.7,38.0,5,8669.0182,0.352743,42.0912,1785453.647,13.136,38.0
run_17_repetition_4,1790618396.4332316,301.7,39.0,5,11583.7106,0.754148,53.9761,2485956.961,14.812,38.0
run_23_repetition_4,1790619181.2667592,301.7,39.0,5,15689.9344,1.53222,68.6352,3586703.309,13.504,39.0
run_12_repetition_4,1790619963.9032245,301.7,38.0,5,8381.3798,0.341039,38.0501,1846183.287,3.881,39.0
run_10_repetition_4,1790620762.4752054,301.7,38.0,5,10964.0628,0.629829,51.0127,2356484.092,17.396,38.0
run_13_repetition_4,1790621523.7789605,301.7,38.0,5,8747.4355,0.427121,41.19,1857675.384,15.963,38.0
run_18_repetition_5,1790622325.8058944,301.7,38.0,6,8770.8941,0.356889,41.6592,1846615.274,4.339,38.0
run_21_repetition_5,1790623051.01852,301.6,38.0,6,12863.6631,0.697898,57.501,2877755.807,4.764,38.0
run_1_repetition_5,1790623786.5483205,301.7,38.0,6,11549.4938,0.663459,51.7768,2576264.739,16.496,38.0
run_13_repetition_5,1790624536.5218468,301.7,38.0,6,8738.4604,0.426683,41.0972,1858050.092,16.458,38.0
run_5_repetition_5,1790625319.1488242,301.7,38.0,6,14592.8924,0.890679,53.2176,4001546.222,18.236,38.0
run_19_repetition_5,1790626125.8901362,301.7,39.0,6,17988.3529,1.756675,75.7137,4273744.844,3.42,38.0
run_8_repetition_5,1790626881.7688644,301.7,38.0,6,13434.5338,0.874644,56.6978,3183312.795,12.659,39.0
run_2_repetition_5,1790627624.703937,301.7,39.0,6,16857.7569,2.057832,71.1838,3992253.997,12.73,38.0
run_4_repetition_5,1790628389.302345,301.7,38.0,6,8955.8866,0.437299,42.0654,1906744.081,8.739,39.0
run_16_repetition_5,1790629121.0801404,301.6,38.0,6,9035.8769,0.401095,41.7151,1957252.25,16.6,38.0
run_0_repetition_5,1790629913.950684,301.7,38.0,6,8864.8965,0.376397,40.6497,1933256.625,5.376,38.0
run_7_repetition_5,1790630656.5753791,301.7,38.0,6,9253.06,0.410736,42.9474,1993581.035,8.471,38.0
run_10_repetition_5,1790631375.3803189,301.7,38.0,6,11148.3726,0.640417,50.7549,2448751.185,15.491,38.0
run_25_repetition_5,1790632158.1831086,301.7,38.0,6,11895.1546,0.645353,54.3143,2605110.236,5.512,38.0
run_3_repetition_5,1790632926.9438057,301.6,38.0,6,8290.2431,0.337331,38.1619,1800964.13,14.37,38.0
run_15_repetition_5,1790633649.1186864,301.7,38.0,6,7874.7524,0.320424,37.3064,1662226.367,3.841,38.0
run_6_repetition_5,1790634435.6651356,301.7,38.0,6,7949.2057,0.323454,37.3917,1689945.485,14.165,38.0
run_12_repetition_5,1790635183.6782715,301.7,38.0,6,8328.9864,0.338907,38.8405,1786076.17,2.24,38.0
run_9_repetition_5,1790635952.546995,301.7,38.0,6,8851.3805,0.375823,40.9371,1913836.638,16.471,38.0
run_11_repetition_5,1790636714.580824,301.7,39.0,6,14063.2423,1.716704,66.119,2991195.386,14.861,38.0
run_17_repetition_5,1790721536.007479,301.7,38.0,6,11558.6703,0.752518,53.8534,2480860.532,4.872,39.0
run_23_repetition_5,1790638291.6848216,301.7,39.0,6,15663.7967,1.529668,68.537,3579882.421,3.723,39.0
run_24_repetition_5,1790639057.683848,301.6,38.0,6,8037.8641,0.301903,37.9451,1702652.705,6.363,39.0
run_14_repetition_5,1790639824.2077546,301.6,38.0,6,12679.6023,0.773902,48.742,3298433.707,15.114,38.0
run_22_repetition_5,1790640662.5354192,301.6,39.0,6,8762.2711,0.356538,41.607,1845299.243,12.563,38.0
run_20_repetition_5,1790641425.5438132,301.7,38.0,6,8039.6459,0.30197,37.8408,1708103.168,15.079,39.0
run_8_repetition_6,1790642125.993572,301.7,38.0,7,13437.5548,0.874841,56.4606,3198124.604,13.543,38.0
run_22_repetition_6,1790642878.1779304,301.7,38.0,7,8786.8459,0.357538,41.5191,1859595.348,5.555,38.0
run_7_repetition_6,1790643645.8251536,301.6,38.0,7,9191.733,0.408014,43.1963,1955908.868,2.424,38.0
run_14_repetition_6,1790644391.585055,301.6,38.0,7,12926.3174,0.78896,48.2889,3460207.121,15.759,38.0
run_24_repetition_6,1790645209.228464,301.7,38.0,7,8013.9087,0.301003,37.9043,1694340.642,2.077,38.0
run_6_repetition_6,1790645979.1189616,301.7,38.0,7,7949.6809,0.323473,37.4559,1687248.232,5.911,38.0
run_15_repetition_6,1790646718.4448633,301.7,38.0,7,7894.3263,0.321221,37.419,1665473.912,16.155,38.0
run_12_repetition_6,1790647480.1821544,301.7,38.0,7,8321.8347,0.338616,37.9213,1826226.634,7.55,38.0
run_9_repetition_6,1790648273.4353557,301.7,38.0,7,8873.4882,0.376762,40.9878,1921030.341,7.003,38.0
run_25_repetition_6,1790649054.4886842,301.7,38.0,7,11972.5024,0.64955,54.6567,2622564.68,3.13,38.0
run_2_repetition_6,1790649812.7746634,301.6,39.0,7,16785.3977,2.048999,71.932,3916889.334,7.082,38.0
run_1_repetition_6,1790650578.741905,301.7,38.0,7,11550.0548,0.663491,52.002,2565359.566,13.417,39.0
run_3_repetition_6,1790651325.3323941,301.7,38.0,7,8310.1244,0.33814,38.062,1814357.774,2.216,38.0
run_0_repetition_6,1790652075.47644,301.6,38.0,7,8829.9624,0.374913,40.4933,1925461.607,13.206,38.0
run_19_repetition_6,1790652797.5122404,301.7,39.0,7,18152.1907,1.772675,75.2182,4380613.727,5.834,38.0
run_11_repetition_6,1790653559.4940772,301.7,39.0,7,14413.3157,1.759438,65.7683,3158721.382,10.517,39.0
run_23_repetition_6,1790654353.7443843,301.7,39.0,7,15543.1763,1.517888,68.0486,3550263.538,15.127,39.0
run_5_repetition_6,1790655137.4266014,301.7,38.0,7,14605.7737,0.891466,53.3211,4000828.141,11.072,39.0
run_17_repetition_6,1790655941.083971,301.7,38.0,7,11619.8045,0.756498,53.861,2506821.767,8.008,38.0
run_10_repetition_6,1790656730.9362705,301.7,38.0,7,11147.6325,0.640374,50.6688,2452590.616,16.156,38.0
run_13_repetition_6,1790657506.143507,301.6,38.0,7,8754.6913,0.427475,41.0831,1865598.449,6.509,38.0
run_20_repetition_6,1790658302.3539133,301.7,38.0,7,8057.4459,0.302638,37.7686,1718951.346,15.987,38.0
run_18_repetition_6,1790659008.118543,301.7,38.0,7,8698.2413,0.353932,41.3065,1831658.263,4.775,38.0
run_4_repetition_6,1790659737.8274484,301.6,37.0,7,8923.3093,0.435708,41.9295,1899031.906,11.254,38.0
run_16_repetition_6,1790660483.2415974,301.7,38.0,7,9115.139,0.404614,41.9347,1981312.18,6.144,37.0
run_21_repetition_6,1790661270.077067,301.7,38.0,7,13217.2209,0.71708,58.6062,2980826.962,7.95,38.0
run_2_repetition_7,1790662004.6749003,301.6,39.0,8,16882.4979,2.060852,70.7725,4027252.344,18.117,38.0
run_21_repetition_7,1790662776.6988263,301.7,38.0,8,13005.3425,0.705585,59.1399,2859978.868,8.897,39.0
run_10_repetition_7,1790663506.2856529,301.7,38.0,8,11129.4198,0.639328,50.5805,2448850.759,17.51,38.0
run_22_repetition_7,1790664294.0845735,301.7,38.0,8,8783.2984,0.357393,41.5547,1856499.443,3.435,38.0
run_19_repetition_7,1790665039.9654872,301.7,39.0,8,18218.0301,1.779104,75.5684,4392002.687,15.865,38.0
run_11_repetition_7,1790665790.1769326,301.7,39.0,8,14422.1884,1.760521,65.825,3159887.061,17.382,39.0
run_24_repetition_7,1790666594.6318474,301.7,38.0,8,8056.6588,0.302609,38.0704,1704990.418,9.689,39.0
run_20_repetition_7,1790667334.7663534,301.6,38.0,8,8073.3132,0.303234,37.9406,1717904.161,9.944,38.0
run_9_repetition_7,1790668061.1959085,301.7,38.0,8,8936.7549,0.379448,40.5982,1967221.04,15.641,38.0
run_1_repetition_7,1790668829.2675116,301.7,38.0,8,11557.1322,0.663898,51.8778,2574651.676,8.287,38.0
run_0_repetition_7,1790669579.184978,301.7,38.0,8,8869.675,0.3766,40.7109,1932436.084,6.106,38.0
run_25_repetition_7,1790670300.9786105,301.7,39.0,8,11875.314,0.644277,54.4922,2587951.558,9.657,38.0
run_6_repetition_7,1790671070.2975485,301.6,38.0,8,7985.1015,0.324915,37.534,1698774.447,6.957,39.0
run_13_repetition_7,1790671802.2309268,301.7,38.0,8,8761.8446,0.427824,41.2285,1862058.452,12.931,38.0
run_12_repetition_7,1790672583.9442353,301.6,38.0,8,8354.3452,0.339939,38.0478,1834405.358,10.141,38.0
run_23_repetition_7,1790673379.1995652,301.7,39.0,8,15350.9765,1.499119,67.1116,3511351.671,2.634,38.0
run_7_repetition_7,1790674166.1237173,301.7,38.0,8,9309.3147,0.413233,43.0783,2011761.529,11.953,39.0
run_17_repetition_7,1790674908.0930445,301.7,39.0,8,11600.9286,0.755269,53.8854,2497552.315,14.812,38.0
run_4_repetition_7,1790675688.792404,301.6,38.0,8,8947.7684,0.436903,41.9195,1909910.104,6.966,39.0
run_18_repetition_7,1790676421.767456,301.7,38.0,8,8759.4179,0.356422,41.6843,1840677.804,15.994,38.0
run_15_repetition_7,1790677126.6859088,301.7,38.0,8,7861.3553,0.319879,37.8791,1631529.962,6.468,38.0
run_8_repetition_7,1790677886.095064,301.7,38.0,8,13466.9018,0.876751,56.5378,3207721.737,5.735,38.0
run_3_repetition_7,1790678652.5656931,301.7,38.0,8,8188.696,0.333199,38.5347,1740114.274,6.798,38.0
run_16_repetition_7,1790679397.3343198,301.7,38.0,8,9049.9909,0.401722,41.8704,1956092.175,10.412,38.0
run_5_repetition_7,1790680192.128671,301.7,38.0,8,14584.1462,0.890146,53.414,3982055.272,15.883,38.0
run_14_repetition_7,1790680979.5356274,301.7,38.0,8,12818.4542,0.782376,48.7386,3371304.723,2.603,38.0
run_18_repetition_8,1790681801.583234,301.7,38.0,9,8785.682,0.35749,41.8453,1844606.647,7.011,38.0
run_5_repetition_8,1790682526.2646182,301.7,38.0,9,14604.2206,0.891371,53.2806,4003016.864,9.582,38.0
run_8_repetition_8,1790683334.7012029,301.7,38.0,9,13478.778,0.877525,56.5138,3214742.471,17.091,38.0
run_22_repetition_8,1790684094.064973,301.7,38.0,9,8803.5617,0.358218,41.6705,1859893.258,12.122,38.0
run_4_repetition_8,1790684853.4743078,301.6,38.0,9,8965.6224,0.437775,42.1396,1907525.82,5.514,38.0
run_10_repetition_8,1790685587.0788841,301.7,38.0,9,11100.2484,0.637652,50.9436,2418666.423,5.513,38.0
run_19_repetition_8,1790686375.4039116,301.6,39.0,9,18043.5829,1.762069,75.8191,4294047.944,18.365,38.0
run_2_repetition_8,1790687111.4572606,301.7,39.0,9,16954.98,2.0697,71.1145,4042372.427,14.278,39.0
run_14_repetition_8,1790687885.9601495,301.7,39.0,9,12775.1953,0.779736,48.867,3339793.749,13.522,39.0
run_21_repetition_8,1790688701.592813,301.7,38.0,9,13321.9989,0.722765,58.5917,3029022.889,7.267,39.0
run_1_repetition_8,1790689447.5851953,301.7,38.0,9,11584.1638,0.665451,51.9381,2583708.722,17.23,38.0
run_7_repetition_8,1790690198.3716085,301.7,38.0,9,9266.5272,0.411334,42.8946,2001847.869,16.675,38.0
run_0_repetition_8,1790690920.483691,301.7,38.0,9,8782.5025,0.372898,40.9414,1883969.747,13.184,38.0
run_11_repetition_8,1790691642.2562313,301.7,39.0,9,14457.6827,1.764854,65.8541,3174054.116,3.318,38.0
run_20_repetition_8,1790692443.8316731,301.7,38.0,9,8070.3012,0.303121,37.8736,1719660.138,0.34,39.0
run_25_repetition_8,1790693172.4219558,301.7,39.0,9,11920.0136,0.646702,54.4748,2608301.622,8.144,38.0
run_23_repetition_8,1790693936.8953924,301.7,39.0,9,15730.2288,1.536155,68.7588,3598667.37,2.617,39.0
run_15_repetition_8,1790694700.884475,301.6,38.0,9,7913.3787,0.321996,37.3715,1675650.025,9.681,39.0
run_16_repetition_8,1790695464.263582,301.7,38.0,9,9062.2943,0.402268,41.7856,1965394.132,9.469,38.0
run_17_repetition_8,1790696257.534644,301.7,39.0,9,11596.0952,0.754954,53.78,2500361.653,4.216,38.0
run_9_repetition_8,1790697047.7482,301.7,38.0,9,8927.9751,0.379075,40.5601,1965199.094,16.106,39.0
run_24_repetition_8,1790697831.8930676,301.7,38.0,9,8037.0994,0.301874,37.9875,1700425.188,8.921,38.0
run_13_repetition_8,1790698593.7972455,301.7,38.0,9,8631.7973,0.421474,40.8706,1823018.317,12.87,38.0
run_3_repetition_8,1790699390.4192863,301.7,38.0,9,8321.8488,0.338617,37.9672,1824024.437,13.144,38.0
run_12_repetition_8,1790700138.030493,301.7,38.0,9,8349.4139,0.339739,38.03,1833097.127,1.958,38.0
run_6_repetition_8,1790700924.009969,301.7,38.0,9,7963.8435,0.32405,37.4917,1691647.785,2.584,38.0
run_0_repetition_9,1790701656.6175888,301.7,38.0,10,8858.3561,0.376119,40.6403,1930855.874,16.408,38.0
run_19_repetition_9,1790702401.1938834,301.7,39.0,10,17843.5582,1.742535,76.4253,4166060.44,14.182,38.0
run_2_repetition_9,1790703154.8625834,301.7,39.0,10,16909.6148,2.064162,71.2668,4012178.128,2.63,39.0
run_16_repetition_9,1790703917.6566288,301.7,38.0,10,9074.3028,0.402801,41.8279,1968615.554,4.355,39.0
run_10_repetition_9,1790704710.6262357,301.7,38.0,10,11149.1825,0.640463,50.6029,2456465.922,16.438,38.0
run_3_repetition_9,1790705496.767642,301.7,38.0,10,8272.0442,0.33659,38.2132,1790657.69,9.766,38.0
run_7_repetition_9,1790706226.3782384,301.7,38.0,10,9275.9405,0.411752,42.8402,2008463.749,11.42,38.0
run_6_repetition_9,1790706971.7062845,301.7,38.0,10,7973.0567,0.324425,37.5448,1693166.304,13.096,38.0
run_1_repetition_9,1790707711.1395133,301.6,38.0,10,11440.478,0.657197,52.603,2488155.234,16.022,38.0
run_24_repetition_9,1790708440.4112952,301.7,38.0,10,8023.5074,0.301364,37.9825,1694901.755,16.314,38.0
run_15_repetition_9,1790709202.0241947,301.7,38.0,10,7999.2936,0.325492,37.7812,1693666.429,16.093,38.0
run_13_repetition_9,1790709985.7340887,301.7,38.0,10,8761.287,0.427797,41.1579,1865015.164,14.791,38.0
run_9_repetition_9,1790710778.5598633,301.6,38.0,10,8936.0565,0.379418,40.5058,1971401.301,12.355,38.0
run_12_repetition_9,1790711575.8593621,301.7,38.0,10,8475.3112,0.344861,38.5439,1863610.751,7.219,38.0
run_21_repetition_9,1790712365.9352205,301.6,38.0,10,13255.9018,0.719179,58.656,2995754.269,17.178,38.0
run_23_repetition_9,1790713101.880806,301.7,39.0,10,15219.9126,1.48632,67.8086,3416170.266,3.498,38.0
run_5_repetition_9,1790713881.1234784,301.7,38.0,10,14730.5833,0.899083,52.9767,4095956.541,16.477,39.0
run_8_repetition_9,1790714678.1223946,301.7,38.0,10,13447.2242,0.87547,56.7044,3188955.438,14.521,38.0
run_20_repetition_9,1790715435.3507392,301.7,38.0,10,8061.0565,0.302774,37.835,1717472.583,6.011,38.0
run_17_repetition_9,1790716158.6745574,301.7,38.0,10,11634.094,0.757428,53.9845,2507240.33,18.319,38.0
run_14_repetition_9,1790716944.3566902,301.7,38.0,10,12731.9103,0.777094,48.7005,3328541.499,14.743,38.0
run_18_repetition_9,1790717753.85914,301.7,38.0,10,8762.6051,0.356551,41.6763,1842372.772,10.865,38.0
run_25_repetition_9,1790718480.7302828,301.7,38.0,10,11838.919,0.642302,54.1614,2587821.954,7.219,38.0
run_22_repetition_9,1790719232.301994,301.7,38.0,10,8791.9027,0.357743,41.5819,1858924.741,11.384,38.0
run_4_repetition_9,1790719999.5211363,301.6,38.0,10,8961.4345,0.43757,41.961,1913857.713,8.083,38.0
run_11_repetition_9,1790720732.662384,301.7,39.0,10,14391.4246,1.756766,65.6708,3153808.746,3.013,38.0
